Track ID,Track Name,Artist,Album,Duration (ms),Popularity,Year
4rHZZAmHpZrA3iH5zx8frV,Mirrors,Justin Timberlake,The 20/20 Experience (Deluxe Version),484146,85,2013
5PUvinSo4MNqW7vmomGRS7,Blurred Lines,Robin Thicke,Blurred Lines,263053,59,2013
2dLLR6qlu5UJ5gk0dKz0h3,Royals,Lorde,Pure Heroine,190185,83,2013
2QjOHCTQ1Jl3zawyYOpxh6,Sweater Weather,The Neighbourhood,I Love You.,240400,93,2013
3JvKfv6T31zO0ini8iNItO,Another Love,Tom Odell,Long Way Down (Deluxe),244360,92,2013
3w3y8KPTfNeOKPiqUTakBh,Locked out of Heaven,Bruno Mars,Unorthodox Jukebox,233478,91,2012
0nrRP2bk19rLc0orkWPQk2,Wake Me Up,Avicii,True,247426,89,2013
086myS9r57YsLbJpU0TgK9,Why'd You Only Call Me When You're High?,Arctic Monkeys,AM,161123,91,2013
2XHzzp1j4IfTNp1FTn7YFg,Love Me,Lil Wayne,I Am Not A Human Being II (Deluxe),255053,88,2013
4G8gkOterJn0Ywt6uhqbhp,Radioactive,Imagine Dragons,Night Visions,186813,76,2012
6Z8R6UsFuGXGtiIxiD8ISb,Safe And Sound,Capital Cities,In A Tidal Wave Of Mystery (Deluxe Edition),192789,86,2013
6lanRgr6wXibZr8KgzXxBl,A Thousand Years,Christina Perri,A Thousand Years,285120,85,2011
1mKXFLRA179hdOWQBwUk9e,Just Give Me a Reason (feat. Nate Ruess),P!nk,The Truth About Love,242733,85,2012
0nJW01T7XtvILxQgC5J7Wh,When I Was Your Man,Bruno Mars,Unorthodox Jukebox,213826,90,2012
5FVd6KXrgO9B3JPmC8OPst,Do I Wanna Know?,Arctic Monkeys,AM,272394,90,2013
1V6gIisPpYqgFeWbMLI0bA,Heart Attack,Demi Lovato,Demi,210840,84,2013
0NlGoUyOJSuSHmngoibVAs,All I Want,Kodaline,In A Perfect World (Expanded Edition),305746,83,2013
48RrDBpOSSl1aLVCalGl5C,The Monster,Eminem,The Marshall Mathers LP2,250188,83,2013
2ihCaVdNZmnHZWt0fvAM7B,Little Talks,Of Monsters and Men,My Head Is An Animal,266600,83,2012
55h7vJchibLdUkxdlX3fK7,Treasure,Bruno Mars,Unorthodox Jukebox,178560,84,2012
2uwnP6tZVVmTovzX5ELooy,Power Trip (feat. Miguel),J. Cole,Born Sinner (Deluxe Version),241160,83,2013
1yjY7rpaAQvKwpdUliHx0d,Still into You,Paramore,Paramore,216013,83,2013
6CjtS2JZH9RkDz5UVInsa9,Thrift Shop (feat. Wanz),Macklemore & Ryan Lewis,The Heist,235613,83,2012
2Foc5Q5nqNiosCNqttzHof,Get Lucky (Radio Edit) [feat. Pharrell Williams and Nile Rodgers],Daft Punk,Get Lucky (Radio Edit) [feat. Pharrell Williams and Nile Rodgers],248413,83,2013
2vwlzO0Qp8kfEtzTsCXfyE,Wrecking Ball,Miley Cyrus,Bangerz (Deluxe Version),221360,83,2013
3G6hD9B2ZHOsgf4WfNu7X1,Team,Lorde,Pure Heroine,193058,82,2013
0Hf4aIJpsN4Os2f0y0VqWl,Feel This Moment (feat. Christina Aguilera),Pitbull,Global Warming: Meltdown (Deluxe Version),229506,82,2012
5cc9Zbfp9u10sfJeKZ3h16,3005,Childish Gambino,Because the Internet,234215,81,2013
009ImBOrIUlWgla8U05RAC,Unconditionally,Katy Perry,PRISM,228878,81,2013
2iJuuzV8P9Yz0VSurttIV5,Scream & Shout,will.i.am,#willpower,283400,81,2013
6FB3v4YcR57y4tXFcdxI1E,I Knew You Were Trouble.,Taylor Swift,Red (Big Machine Radio Release Special),219720,81,2012
1jF7IL57ayN4Ity3jQqGu0,Try,P!nk,The Truth About Love,247906,81,2012
3bidbhpOYeV4knp8AIu8Xn,Can't Hold Us (feat. Ray Dalton),Macklemore & Ryan Lewis,The Heist,258342,83,2012
190jyVPHYjAqEaOGmMzdyk,Beauty And A Beat,Justin Bieber,Believe (Deluxe Edition),227986,81,2012
2y4lAQpi5VTNLu2ldeTdUH,We Can't Stop,Miley Cyrus,Bangerz (Deluxe Version),231240,81,2013
0W4Kpfp1w2xkY3PrV714B7,Ho Hey,The Lumineers,The Lumineers,163133,79,2012
5T7ZFtCcOgkpjxcuaeZbw0,Best Song Ever,One Direction,Midnight Memories (Deluxe),200106,79,2013
4X5f3vT8MRuXF68pfjNte5,"F**kin' Problems (feat. Drake, 2 Chainz & Kendrick Lamar)",A$AP Rocky,LONG.LIVE.A$AP (Deluxe Version),233786,79,2013
5lF0pHbsJ0QqyIrLweHJPW,Burn,Ellie Goulding,Halcyon Nights,231213,78,2012
2E43WFS4rRc09za2r2GmZl,My Songs Know What You Did In The Dark (Light Em Up),Fall Out Boy,Save Rock And Roll,186826,78,2013
1KxwZYyzWNyZSRyErj2ojT,Let Her Go,Passenger,All The Little Lights,252733,78,2012
6PUIzlqotEmPuBfjbwYWOB,Summertime Sadness (Lana Del Rey Vs. Cedric Gervais) - Cedric Gervais Remix,Lana Del Rey,Summertime Sadness [Lana Del Rey vs. Cedric Gervais] (Cedric Gervais Remix),214912,78,2013
3LlAyCYU26dvFZBDUIMb7a,Demons,Imagine Dragons,Night Visions,175200,78,2012
4Ub8UsjWuewQrPhuepfVpd,Pompeii,Bastille,All This Bad Blood,214147,77,2013
60wwxj6Dd9NJlirf84wr2c,Clarity,Zedd,Clarity,271426,77,2012
24LS4lQShWyixJ0ZrJXfJ5,Sweet Nothing (feat. Florence Welch),Calvin Harris,18 Months,212560,77,2012
7ueP5u2qkdZbIPN2YA6LR0,Sail,AWOLNATION,Megalithic Symphony,259093,77,2011
722tgOgdIbNe3BEyLnejw4,Black Skinhead,Kanye West,Yeezus,188013,77,2013
2aSC2xhRxOLiiZZVjhbylH,"Hold On, We're Going Home",Drake,Nothing Was The Same,227880,76,2013
1j8z4TTjJ1YOdoFEDwJTQa,Ain't It Fun,Paramore,Paramore,296520,76,2013
6F5c58TMEs1byxUstkzVeM,Roar,Katy Perry,PRISM (Deluxe),223546,75,2013
789CxjEOtO76BVD1A9yJQH,Stay,Rihanna,Unapologetic (Edited Version),240706,75,2012
1EAgPzRbK9YmdOESSMUm6P,Home,Phillip Phillips,The World From The Side Of The Moon,210173,74,2012
6HZ9VeI5IRFCNQLXhpF4bq,I Love It (feat. Charli XCX),Icona Pop,THIS IS... ICONA POP,157152,74,2013
5GjnIpUlLGEIYk052ISOw9,This Is What It Feels Like,Armin van Buuren,Intense,204360,74,2013
05SBRd4fXgn8FX7bf8BCAE,I Need Your Love (feat. Ellie Goulding),Calvin Harris,18 Months,234506,75,2012
5xvUgoVED1F4mBu8FL0HaW,Ready or Not,Bridgit Mendler,Hello My Name Is...,200946,74,2012
6LoQHIo74tOzQ8EsLEkhgF,Come & Get It,Selena Gomez,Stars Dance (Bonus Track Version),231986,74,2013
1DunhgeZSEgWiIYbHqXl0c,Latch,Disclosure,Settle (Deluxe),255866,73,2013
1sh6lL6cmlcwhqZKGiKBua,I Could Be The One (Avicii Vs. Nicky Romero) - Radio Edit,Avicii,I Could Be The One [Avicii vs Nicky Romero],208316,73,2012
1fXiYSWmkKJfRKMegCkI11,I Will Wait,Mumford & Sons,Babel (Deluxe Version),276720,72,2012
2OQJKTtrH482waGFmOfJni,We Own It (Fast & Furious),2 Chainz,B.O.A.T.S. II #METIME (Deluxe),227906,72,2013
0qwcGscxUHGZTgq0zcaqk1,Here's to Never Growing Up,Avril Lavigne,Avril Lavigne (Expanded Edition),214320,72,2013
3KliPMvk1EvFZu9cvkj8p1,Work Bitch,Britney Spears,Britney Jean (Deluxe Version),247960,72,2013
1QNqrsNQ1JVLEwncov3lEY,True Love (feat. Lily Allen),P!nk,The Truth About Love,230733,71,2012
5CMjjywI0eZMixPeqNd75R,Lose Yourself to Dance (feat. Pharrell Williams),Daft Punk,Random Access Memories,353893,71,2013
6ce41JVa6KFaryfmC2bu2W,22,Taylor Swift,Red (Big Machine Radio Release Special),232120,71,2012
0S4RKPbRDA72tvKwVdXQqe,The Way,Ariana Grande,Yours Truly,227026,71,2013
4g6m1iaAsgdgDqgxGtvY0C,Animals - Radio Edit,Martin Garrix,Animals,176117,71,2013
6g6A7qNhTfUgOSH7ROOxTD,Talk Dirty (feat. 2 Chainz),Jason Derulo,Talk Dirty,177685,70,2013
6Xk7PnitV9jCRorWt2LiVZ,Berzerk,Eminem,The Marshall Mathers LP2 (Deluxe),238746,70,2013
3Tu7uWBecS6GsLsL8UONKn,Don't Stop the Party (feat. TJR),Pitbull,Global Warming: Meltdown (Deluxe Version),206120,70,2012
5DI9jxTHrEiFAhStG7VA8E,Started From the Bottom,Drake,Nothing Was The Same,174133,69,2013
4bZd0nRuX8HyjeXAUBczvm,I Cry,Flo Rida,Wild Ones,223800,69,2012
01TuObJVd7owWchVRuQbQw,#thatPOWER,will.i.am,#willpower (Deluxe),279506,69,2013
5jyUBKpmaH670zrXrE0wmO,Reload - Radio Edit,Sebastian Ingrosso,Reload (Vocal Version / Radio Edit),221272,69,2013
0mvkwaZMP2gAy2ApQLtZRv,It's a Beautiful Day,Michael Bublé,To Be Loved,199266,69,2013
1KtD0xaLAikgIt5tPbteZQ,Thinking About You (feat. Ayah Marar),Calvin Harris,18 Months,247933,69,2012
6vt0I1cw1YmAIKDJvHVIM5,Suit & Tie (feat. Jay-Z),Justin Timberlake,The 20/20 Experience (Deluxe Version),326280,69,2013
6KkyuDhrEhR5nJVKtv9mCf,High Hopes,Kodaline,In A Perfect World (Expanded Edition),230266,69,2013
5VSCgNlSmTV2Yq5lB40Eaw,Love Me Again,John Newman,Tribute,239894,68,2013
0rFZaQ4crlGAzuCjWCQ2xu,Body Party,Ciara,Ciara,234040,68,2013
3jZomvOBa5qfTo5HkqI1p5,One Way or Another (Teenage Kicks),One Direction,One Way Or Another (Teenage Kicks),157293,67,2013
5HOpkTTVcmZHnthgyxrIL8,The Fox (What Does the Fox Say?),Ylvis,The Fox (What Does the Fox Say?),213708,66,2013
5yhKaacMZGRo4s6evJx9vk,Bad (feat. Rihanna) - Remix,Wale,The Gifted,238826,66,2013
1q9bLSeIlGf2xBvbOkp2Wr,Holy Grail,JAY-Z,Magna Carta... Holy Grail,338413,65,2013
44Ljlpy44mHvLJxcYUvTK0,Chocolate,The 1975,The 1975,224640,65,2013
3Z1kZKYfRC8iRXnYeC5sCJ,Everything Has Changed,Taylor Swift,Red (Big Machine Radio Release Special),245413,65,2012
01uqI4H13Gsd8Lyl1EYd8H,Same Love (feat. Mary Lambert),Macklemore & Ryan Lewis,The Heist,318525,64,2012
2QD4C6RRHgRNRAyrfnoeAo,Play Hard (feat. Ne-Yo & Akon),David Guetta,Nothing but the Beat 2.0,201000,64,2011
6TwfdLbaxTKzQi3AgsZNzx,Daylight,Maroon 5,Overexposed (Deluxe),225306,64,2012
0yz2J4wsXFCjMjpJ6A74yV,Fine China,Chris Brown,X (Expanded Edition),213200,64,2014
7BNDyzwDboNRR2wmd7GSew,Of The Night,Bastille,All This Bad Blood,214205,63,2013
1zVhMuH7agsRe6XkljIY4U,human,Christina Perri,human,250706,62,2013
1D4XFKolp63mNqqMXJJL1V,Wings,Birdy,Fire Within,252106,62,2013
52gvlDnre9craz9dKGObp8,La La La,Naughty Boy,La La La,220779,62,2013
5BhsEd82G0Mnim0IUH6xkT,Cruise,Florida Georgia Line,Here's To The Good Times,208960,62,2012
1oHxIPqJyvAYHy0PVrDU98,Drinking from the Bottle (feat. Tinie Tempah),Calvin Harris,18 Months,240346,62,2012
5FljCWR0cys07PQ9277GTz,The Other Side,Jason Derulo,Talk Dirty,226986,61,2013
0s0JMUkb2WCxIJsRB3G7Hd,Dear Darlin',Olly Murs,Right Place Right Time (Expanded Edition),206373,61,2012
60nZcImufyMA1MKQY3dcCH,"Happy - From ""Despicable Me 2""",Pharrell Williams,G I R L,232720,83,2014
5Sf3GyLEAzJXxZ5mbCPXTu,Waves - Robin Schulz Radio Edit,Mr. Probz,Waves (Robin Schulz Radio Edit),208133,5,2014
2GgxS8bUT5G25QJTsfSv0R,Burn,Ellie Goulding,Halcyon Days,231211,68,2014
2j3iuup8OrBpXyf2F967Rb,Are You with Me - Radio Edit,Lost Frequencies,Less Is More,138842,0,2016
5BJSZocnCeSNeYMj3iVqM7,Love Runs Out,OneRepublic,Native,224226,64,2014
5D1swG82nVVngZLHOLbe0V,This Girl (Kungs Vs Cookin' On 3 Burners) - Extended,Kungs,This Girl - EP,242735,54,2016
5Nm9ERjJZ5oyfXZTECKmRt,Stay With Me,Sam Smith,In The Lonely Hour,172723,87,2014
1cWepLwVVDgyqxso6G4TQU,Thinking out Loud - Alex Adair Remix,Ed Sheeran,Thinking Out Loud (Alex Adair Remix),182185,44,2014
7b71WsDLb8gG0cSyDTFAEW,Summer,Calvin Harris,Summer,224506,22,2014
0Z3mCn46aLOqWjyRI6KfRf,She Moves (Far Away) - Radio Mix,Alle Farben,She Moves (Far Away),183560,42,2014
3AeicLnm55RqcXGBKYQolM,King,Olly Alexander (Years & Years),Communion (Deluxe),215360,76,2015
1eOJAiCKFuMda0fPRvjcuc,Hold My Hand,Jess Glynne,I Cry When I Laugh,227343,62,2015
2mCF8L0brIs88eH6Kf2h9p,Fast Car,Jonas Blue,Fast Car,212424,70,2015
6CStWjzxr0BIv3fqbCOXtv,Hero,Family of the Year,Hero,190280,0,2014
4wrTFI5XYcze7OBJ0iMjGk,Chandelier,Sia,Chandelier,216120,21,2014
3tCwjWLicbjsMCvXhN0WOE,Rude,MAGIC!,Rude,224773,68,2013
2ia7iiEtpiOL2ZVuWxBZGB,I Will Never Let You Down,Rita Ora,I Will Never Let You Down,203466,65,2014
6PkzXU8dlwtfrwyTlUyVnv,Show Me Love - EDX Remix / Radio Edit,Sam Feldt,Show Me Love (EDX Remix / Radio Edit),180336,63,2015
4B0JvthVoAAuygILe3n4Bs,What Do You Mean?,Justin Bieber,Purpose (Deluxe),205680,83,2015
2FiceoWDJ67rrmb5tGBpgE,Ghost,Ella Henderson,Ghost,216106,55,2014
6nM9Sr6MPcfpqwQTD7PZGi,Wrapped Up (feat. Travie McCoy),Olly Murs,Never Been Better (Deluxe),185640,0,2014
0ifSeVGUr7py5GggttDhXw,All About That Bass,Meghan Trainor,All About That Bass,188754,62,2014
3YFlemKQoaitlu4U1pQVgo,When The Beat Drops Out,Marlon Roudette,When The Beat Drops Out,204026,33,2014
2E4j2EPKgg5RlHkOXSPe8F,Jubel - Radio Edit,Klingande,Jubel EP,199133,29,2013
2jsmSLoX8y0h6k4YzDCFH1,Nobody To Love - Radio Edit,Sigma,Nobody To Love,189720,61,2014
2nzI2futOM8isgXNKAlQ1m,A Sky Full of Stars,Coldplay,A Sky Full of Stars,236379,55,2014
5wQeCrJTJxGZnILnyCBHjI,Lovers on the Sun (feat. Sam Martin),David Guetta,Lovers on the Sun EP,203520,52,2014
023H4I7HJnxRqsc9cqeFKV,I Got U,Duke Dumont,I Got U,285596,70,2014
5m5V4wLWTjwu1Kv5Gjgje5,Ain't Nobody - Loves Me Better,Anna Heartbeat,A'int Nobody (Loves Me Better),186355,37,2015
61UQzeiIluhpzpMdY4ag3q,My Love (feat. Jess Glynne),Route 94,My Love (feat. Jess Glynne),259934,23,2014
7GJClzimvMSghjcrKxuf1M,Budapest,George Ezra,Wanted on Voyage,200720,1,2014
3s4U7OHV7gnj42VV72eSZ6,Rather Be (feat. Jess Glynne),Clean Bandit,Rather Be (feat. Jess Glynne),227833,75,2014
614TxLN6BP9nN8pFcPdLVE,Sweet Lovin' - Radio Edit,Sigala,Sweet Lovin',202149,44,2015
2Pavqy0vPxGilGe0IIetdP,Geronimo,Sheppard,Geronimo,218227,0,2014
5fnA9mkIfScSqHIpeDyvck,Prayer in C - Robin Schulz Radio Edit,Lilly Wood and The Prick,Prayer in C,189413,77,2014
0cqRj7pUJDkTCEsJkx8snD,Shake It Off,Taylor Swift,1989 (Deluxe),219200,84,2014
3Nbcx1svCSzmyYG2I81YCZ,Up (feat. Demi Lovato),Olly Murs,Never Been Better (Deluxe),224293,0,2014
3B7udSGy2PfgoCniMSb523,"I See Fire - From ""The Hobbit - The Desolation Of Smaug""",Ed Sheeran,The Hobbit - The Desolation Of Smaug (Original Motion Picture Soundtrack / Special Edition),300840,65,2013
1zHlj4dQ8ZAtrayhuDDmkY,Timber (feat. Ke$ha),Pitbull,Timber (feat. Ke$ha),204053,59,2013
2wqaekenSQZm7hxQOYt8oE,Am I Wrong,Nico & Vinz,Am I Wrong,247520,61,2014
07nH4ifBxUB4lZcsf44Brn,Blame (feat. John Newman),Calvin Harris,Motion,212960,81,2014
37sINbJZcFdHFAsVNsPq1i,Superheroes,The Script,No Sound Without Silence,245466,77,2014
4RXpgGM7A4Hg7cFBoH5KyF,Hey Brother,Avicii,True,255093,0,2013
6jEhWcVKEgbczzrU4p2X5u,#SELFIE - Original Mix,The Chainsmokers,#SELFIE,183750,0,2014
7MXVkk9YMctZqd1Srtv4MB,Starboy,The Weeknd,Starboy,230453,94,2016
5Hroj5K7vLpIG4FNCRIjbP,Best Day Of My Life,American Authors,"Oh, What A Life",194240,82,2014
3le4Vpe3KCkgZxFyPHEXOl,Cloud Rider - Radio Edit,Paul Kalkbrenner,Cloud Rider (Radio Edit),236360,38,2015
4bT2zLVv2T4GiK9q9KtI0v,Stay The Night - Featuring Hayley Williams Of Paramore,Zedd,Clarity (Deluxe),217346,66,2014
1Nivqu7wynKsgguBmgC6Vw,Bad (feat. Vassy) - Radio Edit,David Guetta,Lovers on the Sun EP,170625,48,2014
5eWgDlp3k6Tb5RD8690s6I,Sugar,Maroon 5,V (Deluxe),235493,0,2014
1fUZDNWUfqmpWSsR0kkVAT,Cool Kids,Echosmith,Cool Kids,215878,26,2014
1T7Htpf1kEvU9Adf8J0ekk,Break Free,Ariana Grande,My Everything (Deluxe),214840,0,2014
0PjkFSNBbpfYRYpAG4uuGb,Boom Clap,Charli XCX,Boom Clap,169866,53,2014
4bFmYoDdKT3HqSroMmRbGV,Photograph - Felix Jaehn Remix,Ed Sheeran,Photograph (Felix Jaehn Remix),202586,50,2015
53fBKnacu0vJzJadzCarc0,Stolen Dance - Single Version,Milky Chance,Stolen Dance,313684,0,2013
6FeGkJquvWWoAOa3rMM6EB,Riptide - FlicFlac Edit,Vance Joy,Riptide (FlicFlac Edit),339310,48,2014
477daPpd3DnneaHhvjM35l,Are You With Me - Radio Edit,Lost Frequencies,Are You With Me,138842,0,2014
7qzOLWwRTEhyN4c8Lnbj1J,Please Tell Rosie,Alle Farben,Please Tell Rosie,173480,42,2016
32OlwWuMpZ6b0aN2RZOeMS,Uptown Funk (feat. Bruno Mars),Mark Ronson,Uptown Special,269666,86,2015
09CtPGIpYB4BrO8qb1RGsF,Sorry,Justin Bieber,Purpose (Deluxe),200786,86,2015
2YWjW3wwQIBLNhxWKBQd16,Lean On (feat. MØ & DJ Snake),Major Lazer,Peace Is The Mission : Extended,176561,84,2015
3zHq9ouUJQFQRf3cm1rRLu,"Love Me Like You Do - From ""Fifty Shades Of Grey""",Ellie Goulding,Delirium (Deluxe),252534,80,2015
1i1rNVtxbE7rdFfpHuNq2j,Hold My Hand,Jess Glynne,Hold My Hand,227343,61,2015
00vk0sEfb6mr2ehwSw0Uhn,Don't Be So Shy - Filatov & Karas Remix,Imany,The Wrong Kind Of War,192226,57,2016
4Qrxdjj3nFhjrqcnUU5r6a,Shine,Olly Alexander (Years & Years),Communion (Deluxe),255506,56,2015
412luShbmlgqqgYFStIB1s,Wish You Were Mine - Radio Edit,Philip George,Wish You Were Mine,177560,68,2014
7fBv7CLKzipRk6EC6TWHOB,The Hills,The Weeknd,Beauty Behind The Madness,242253,90,2015
4kbj5MwxO1bq9wjT5g9HaA,Shut Up and Dance,WALK THE MOON,TALKING IS HARD,199080,86,2014
7MmG8p0F9N3C4AXdK6o6Eb,Outside (feat. Ellie Goulding),Calvin Harris,Motion,227266,85,2014
6splO3UF8hSmK33y5fJTNk,Lay It All on Me (feat. Ed Sheeran),Rudimental,We the Generation,242440,58,2015
3NFuE3uDOr6QUw9UZ9HzKo,Sugar (feat. Francesco Yates),Robin Schulz,Sugar (feat. Francesco Yates),219043,54,2015
6PZby1bNMj2ZEPShwQwJnL,Hold Back The River,James Bay,Hold Back The River,239520,43,2014
7M9XTtbz6qDg7LqYJ7OpJB,Real Love,Clean Bandit,Real Love,219691,53,2014
27jdUE1EYDSXZqhjuNxLem,Magic,Coldplay,Magic,285014,57,2014
4tg1G3X26wDTmQbipgxhp5,Try Me (feat. Jennifer Lopez and Matoma),Jason Derulo,Everything Is 4,200240,56,2015
5s7xgzXtmY4gMjeSlgisjy,Easy Love,Sigala,Brighter Days,229813,69,2018
5bcfWAHLoMfGBdbeyoMaH3,Intoxicated - New Radio Mix,Martin Solveig,Intoxicated,159693,45,2015
7oGZAicScQt96OAW4AruYy,Want to Want Me,Jason Derulo,Everything Is 4,207719,80,2015
59LRO7m84jbrpSaaRxylIi,We Are One (Ole Ola) [The Official 2014 FIFA World Cup Song] (feat. Jennifer Lopez & Claudia Leitte),Pitbull,"The 2014 FIFA World Cup Official Album: One Love, One Rhythm",223786,46,2014
0AIg5cvStl9diIJ7qXQsqc,Water Under the Bridge,Adele,Water Under the Bridge,240439,42,2016
4fTHdMTq0Znl3djLI1Typn,Cheerleader (Felix Jaehn Remix) - Radio Edit,OMI,Cheerleader (Felix Jaehn Remix Radio Edit),180021,48,2015
70eDxAyAraNTiD6lx2ZEnH,Ex's & Oh's,Elle King,Love Stuff,202173,75,2015
4rvD0Pq9MEoDyyoCGPm7zS,The Hanging Tree - Rebel Remix,James Newton Howard,The Hanging Tree [(Rebel Remix) From The Hunger Games: Mockingjay Part 1],147786,52,2015
7s1upm7yr7ZjrzXMwHawtG,Sexual Healing - Kygo Remix,Marvin Gaye,Sexual Healing (Kygo Remix),368316,66,2015
1fo2ctLqj3zBhRQKOXprol,Style,Taylor Swift,1989 (Deluxe Edition),231000,62,2014
7Df0z75yVuHOFEuAbk40lA,Ghost Town,Adam Lambert,Ghost Town,208330,48,2015
78TTtXnFQPzwqlbtbwqN0y,FourFiveSeconds,Rihanna,FourFiveSeconds,188238,82,2015
1mKXfxIOA7eQQJ844OFm7L,I Really Like You,Carly Rae Jepsen,Emotion (Deluxe),204773,43,2015
365NFpqKShIPDEC6fxnUNp,Firestone,Kygo,Firestone,270786,0,2015
3rKYiySCDMUKTw5kGVVhaa,Marvin Gaye (feat. Meghan Trainor),Charlie Puth,Nine Track Mind,190453,73,2016
1YrZuuVG0vZWvsahkSx5WC,Hello,Adele,Hello,295502,45,2015
22mek4IiqubGD9ctzxc69s,How Deep Is Your Love,Calvin Harris,How Deep Is Your Love,212640,82,2015
0VzzzYWjBWofMsSB77pDo4,Lush Life,Zara Larsson,Lush Life,202213,0,2015
22VdIZQfgXJea34mQxlt81,Can't Feel My Face,The Weeknd,Beauty Behind The Madness,213520,86,2015
0JcrmfXJsl9Ow9PCon265s,Stole the Show,Kygo,Stole the Show,222813,0,2016
0fYVliAYKHuPmECRs1pbRf,Renegades,X Ambassadors,VHS,195200,80,2015
6lDo13SSgTv0WbyUQKgnjk,Light It Up (feat. Nyla & Fuse ODG) - Remix,Major Lazer,Peace Is the Mission (Extended Edition),166138,58,2015
3cU2wBxuV6nFiuf6PJZNlC,Dear Future Husband,Meghan Trainor,Title (Deluxe),184226,77,2015
5afHIkEcVhCF1Z1CTqMUXB,Ain't Nobody (Loves Me Better),Felix Jaehn,Ain't Nobody (Loves Me Better),186146,0,2015
3dYD57lRAUcMHufyqn9GcI,Take Me To Church,Hozier,Hozier,241688,87,2014
5NRl32BO29q8xtWFvOlHZE,River Of Tears,Alessia Cara,Know-It-All (Deluxe),254506,3,2015
5kRPPEWFJIMox5qIkQkiz5,Sweet Creature,Harry Styles,Harry Styles,224866,76,2017
6rPO02ozF3bM7NnOV4h6s2,Despacito - Remix,Luis Fonsi,Despacito Feat. Justin Bieber (Remix),228826,73,2017
1rfofaqEpACxVEHIZBJe6W,Havana (feat. Young Thug),Camila Cabello,Camila,217306,82,2018
5N5k9nd479b1xpDZ4usjrg,Promises (with Sam Smith),Calvin Harris,Promises (with Sam Smith),213309,78,2018
5SxkdsY1ufZzoq9iXceLw9,no tears left to cry,Ariana Grande,no tears left to cry,205946,0,2018
2gFvRmQiWg9fN9i74Q0aiw,24K Magic,Bruno Mars,24K Magic,225983,62,2016
6fQcqEcXfnY0L6VwS0c3gT,Cheerleader (Felix Jaehn Remix) - Radio Edit,OMI,Cheerleader (Felix Jaehn Remix Radio Edit),180021,59,2014
0prNGof3XqfTvNDxHonvdK,Scars To Your Beautiful,Alessia Cara,Know-It-All (Deluxe),230226,1,2015
23L5CiUhw2jV1OIMwthR3S,In the Name of Love,Martin Garrix,In the Name of Love,195706,83,2016
5uCax9HTNlzGybIStD3vDh,Say You Won't Let Go,James Arthur,Back from the Edge,211466,89,2016
2L6orAlH8tBhiFTumIfMyF,Call on Me - Ryan Riback Remix,Starley,Call On Me (Remixes),222040,64,2016
3KuZx7FPNcqXG8YFN5Y0OG,"Faith - From ""Sing"" Original Motion Picture Soundtrack",Stevie Wonder,"Faith (From ""Sing"" Original Motion Picture Soundtrack)",160880,60,2016
3cNjgVBKTJ1SvKhunrCdVy,Please Don't Go,Joel Adams,Please Don't Go,210580,71,2015
6yIdwnpDHufLWgQcveTPMk,I Don’t Wanna Live Forever (Fifty Shades Darker),ZAYN,I Don’t Wanna Live Forever (Fifty Shades Darker),245200,0,2016
0YHUITU3w6ws1v8ehT264g,Shout Out to My Ex,Little Mix,Glory Days (Deluxe),246240,0,2016
2ZyuwVvV6Z3XJaXIFbspeE,Wild Things,Alessia Cara,Know-It-All (Deluxe),188493,0,2015
56cswAa9WdFBsjsTyPBAKA,Bad Things - With Camila Cabello,Machine Gun Kelly,Bad Things,239280,0,2016
0Mlm5SrNK34Jqn8Rk1Gs3g,"Sit Still, Look Pretty",Daya,"Sit Still, Look Pretty",202221,0,2016
4ftPj2fBTJ5pytddHwCPH0,Fresh Eyes,Andy Grammer,Fresh Eyes,198001,0,2016
4rmPQGwcLQjCoFq5NrTA0D,Uptown Funk (feat. Bruno Mars),Mark Ronson,Uptown Funk (feat. Bruno Mars),270626,34,2014
5hYTyyh2odQKphUbMqc5gN,"How Far I'll Go - From ""Moana""",Alessia Cara,"How Far I'll Go (From ""Moana"")",175517,0,2016
7nD9nN3jord9wWcfW3Gkcm,All In My Head (Flex) (feat. Fetty Wap),Fifth Harmony,7/27 (Deluxe),210573,64,2016
1i1fxkWeaMmKEB4T7zqbzK,Don't Let Me Down,The Chainsmokers,Don't Let Me Down,208373,82,2016
1rtDwblY1CJ9i490fMzJnc,Treat You Better,Shawn Mendes,Illuminate (Deluxe),187973,0,2016
7yHEDfrJNd0zWOfXwydNH0,Into You,Ariana Grande,Dangerous Woman,244453,0,2016
7zsXy7vlHdItvUSH8EwQss,Cold Water,Major Lazer,Cold Water,185360,71,2016
37FXw5QGFN7uwwsLy8uAc0,We Don't Talk Anymore (feat. Selena Gomez),Charlie Puth,Nine Track Mind,217706,71,2016
4tCtwWceOPWzenK2HAIJSb,Work from Home (feat. Ty Dolla $ign),Fifth Harmony,7/27 (Deluxe),214480,80,2016
3lSDIJ2abCrOdDJ6pshUap,Close,Nick Jonas,Last Year Was Complicated,234213,71,2016
2Z8WuEywRWYTKe1NybPQEW,Ride,Twenty One Pilots,Blurryface,214506,84,2015
12VWzyPDBCc8fqeWCAfNwR,One Dance,Drake,Views,173986,0,2016
1WkMMavIMc4JZ8cfMmxHkI,"CAN'T STOP THE FEELING! (from DreamWorks Animation's ""TROLLS"")",Justin Timberlake,TROLLS (Original Motion Picture Soundtrack),237546,76,2016
27SdWb2rFzO6GWiYDBTD9j,Cheap Thrills,Sia,This Is Acting,211666,80,2016
0lYBSQXN6rCTvUZvg9S0lU,Let Me Love You,DJ Snake,Encore,205946,88,2016
6ZSO7kPn8IMJFymyticbJO,Gold,Kiiara,low kii savage,225882,65,2016
0azC730Exh71aQlOt9Zj3y,This Is What You Came For,Calvin Harris,This Is What You Came For,222160,86,2016
46NBoIAHrmR7qcUGCIFEjR,This One's for You (feat. Zara Larsson) (Official Song UEFA EURO 2016),David Guetta,This One's for You (feat. Zara Larsson) [Official Song UEFA EURO 2016],207272,70,2016
3pD0f7hSJg2XdQ6udw5Tey,What Goes Around.../...Comes Around (Interlude),Justin Timberlake,FutureSex/LoveSounds,448573,75,2006
0KdwmtG44yIDpyie4b0jCn,Wherever I Go,OneRepublic,Wherever I Go,170213,0,2016
6WLS56xiRrXjSm9RSdL3zD,Never Forget You,Zara Larsson,Never Forget You,213427,0,2015
1CwNogTShsnsn1C8UhRmYX,Rise,Katy Perry,Rise,203474,64,2016
5jrdCoLpJSvHHorevXBATy,Dark Horse,Katy Perry,PRISM (Deluxe),215672,79,2013
37f4ITSlgPX81ad2EvmVQr,Fight Song,Rachel Platten,Wildfire,204013,78,2016
3TGRqZ0a2l1LRblBkJoaDx,Call Me Maybe,Carly Rae Jepsen,Kiss (Deluxe),193400,75,2012
6Uy6K3KdmUdAfelUp0SeXn,Brave,Sara Bareilles,The Blessed Unrest,220573,70,2013
7gBj0VgcuAgkXkiRRYvSmK,Stay (feat. Maty Noyes),Kygo,Stay (feat. Maty Noyes),239465,42,2015
3CRDbSIZ4r5MsZ0YwxuEkn,Stressed Out,Twenty One Pilots,Blurryface,202333,88,2015
2bKhIGdMdcqCqQ2ZhSv5nE,Middle,DJ Snake,Middle,220573,0,2015
3vv9phIu6Y1vX3jcqaGz5Z,Roses,The Chainsmokers,Roses,226738,77,2015
2pWZZZGURB0k1R38CP8ouq,Dangerous Woman,Ariana Grande,Dangerous Woman,235946,0,2016
7BKLCZ1jbUBVqRi2FVlTVw,Closer,The Chainsmokers,Closer,244960,86,2016
3s4U7OHV7gnj42VV72eSZ6,Rather Be (feat. Jess Glynne),Clean Bandit,Rather Be (feat. Jess Glynne),227833,75,2014
519uJbE3zyKLlToVA65PrP,Counting Stars,OneRepublic,Native (Deluxe),257266,0,2013
7zrYKlgYQv1ELz7LGyjTd1,Bang Bang,Jessie J,Bang Bang,199373,0,2014
3vMCg20dt8lUiPozDINUBf,Animals,Maroon 5,V (Deluxe),231013,0,2014
7dS5EaCoMnN7DzlpT6aRn2,Take Me To Church,Hozier,Hozier (Deluxe),241688,0,2014
7jEUxosffRXOZ7rNSajygF,Moves Like Jagger - Studio Recording From The Voice Performance,Maroon 5,Moves Like Jagger,201240,0,2011
1N1JEeVv5TO2wQpk7vGVLs,Centuries,Fall Out Boy,Centuries,231813,0,2014
4h8VwCb1MTGoLKueQ1WgbD,Wake Me Up,Avicii,True,247426,3,2013
60zCXVn6QyD4TddmlvnXYw,Rock Bottom,Hailee Steinfeld,HAIZ,198240,0,2016
4lCv7b86sLynZbXhfScfm2,Firework,Katy Perry,Teenage Dream: The Complete Confection,227880,73,2012
5JLv62qFIS1DR3zGEcApRt,Wide Awake,Katy Perry,Teenage Dream: The Complete Confection,220946,84,2012
6F5c58TMEs1byxUstkzVeM,Roar,Katy Perry,PRISM (Deluxe),223546,75,2013
5Q0Nhxo0l2bP3pNjpGJwV1,Party In The U.S.A.,Miley Cyrus,The Time Of Our Lives,202066,80,2009
4orphgwPHHRsdEkfUmANSD,"Honey, I'm Good.",Andy Grammer,Magazines Or Novels,199263,0,2014
7MapZTlRqFfUteNcghsTwf,Keep Your Head Up,Andy Grammer,Andy Grammer,190480,1,2011
5Hroj5K7vLpIG4FNCRIjbP,Best Day Of My Life,American Authors,"Oh, What A Life",194240,82,2014
023OVLNzXhX0j7CxswUt6D,Cheerleader - Felix Jaehn Remix Radio Edit,OMI,Me 4 U,180560,70,2015
3XIIOCu6B8PuGq5j61asEM,The Greatest,Sia,The Greatest,210893,0,2016
4VrWlk8IQxevMvERoX08iC,Chandelier,Sia,1000 Forms Of Fear,216120,83,2014
7K5dzhGda2vRTaAWYI3hrb,"Just Like Fire (From the Original Motion Picture ""Alice Through The Looking Glass"")",P!nk,"Just Like Fire (From the Original Motion Picture ""Alice Through The Looking Glass"")",215413,72,2016
5mQNY6pTeSDl2doFB7uLbE,Kids,OneRepublic,Oh My My,238386,60,2016
6i0V12jOa3mr6uu4WYhUBr,Heathens,Twenty One Pilots,Heathens,195920,84,2016
7l94dyN2hX9c6wWcZQuOGJ,Dangerous Woman,Ariana Grande,Dangerous Woman,235946,4,2016
6f5TuB9WtbA1g49A4DcMQ4,Be Alright,Ariana Grande,Dangerous Woman,179293,0,2016
2meEiZKWkiN28gITzFwQo5,Into You,Ariana Grande,Dangerous Woman,244453,4,2016
5AKlnLpP3WLwZseNbjquND,Let Me Love You,Ariana Grande,Dangerous Woman,223853,4,2016
1T7Htpf1kEvU9Adf8J0ekk,Break Free,Ariana Grande,My Everything (Deluxe),214840,0,2014
1Rp8zCRpkHyEDqaUczfMZA,Put Your Hearts Up,Ariana Grande,Put Your Hearts Up,210200,52,2011
7soJgKhQTO8hLP2JPRkL5O,One Call Away,Charlie Puth,Nine Track Mind,194453,67,2016
3kSXn1osC89W8JcPLozTzs,Stand By You,Rachel Platten,Wildfire,219000,66,2016
4JehYebiI9JE8sR8MisGVb,Halo,Beyoncé,I AM...SASHA FIERCE,261640,77,2008
3Du08jlyoq4nNbdvR914Wy,All Time Low (Clean),"John ""The Ragin Cajun"" Jones",All Time Low (Clean),215956,27,2016
7Kt59L2ZZGtOnIhvMwzG6f,Diamonds,Rihanna,Unapologetic (Deluxe),225146,58,2012
77TT8Xvx637TpzV8kKGkUw,Titanium (feat. Sia),David Guetta,Nothing but the Beat,245040,60,2011
3zkWCteF82vJwv0hRLba76,Stitches,Shawn Mendes,Handwritten,206880,84,2015
3Te8uLyit6X3ncNW8Fp3K2,Immortals,Fall Out Boy,American Beauty/American Psycho,189386,78,2015
0sQLhT32E9ZG2zn5iYR6nN,Locked Away (feat. Adam Levine),R. City,Locked Away (feat. Adam Levine),227280,63,2015
5tXyNhNcsnn7HbcABntOSf,DJ Got Us Fallin' In Love,USHER,DJ Got Us Fallin' In Love,222160,0,2010
3U4isOIWM3VvDubwSI3y7a,All of Me,John Legend,Love In The Future (Expanded Edition),269560,87,2013
12tUCBq7V9qCF8qGOLpcnu,Love Somebody,Maroon 5,Overexposed (Deluxe),229826,55,2012
3cvNxYnBgh6ystYLC6NQTT,Daylight,Maroon 5,Overexposed (Deluxe),225400,54,2012
7LcfRTgAVTs5pQGEQgUEzN,"Moves Like Jagger - Studio Recording From ""The Voice"" Performance",Maroon 5,Hands All Over,201160,75,2010
6ajX1z2MOWeGyuHXGSqa4H,Maps,Maroon 5,V (Deluxe),189973,0,2014
3LlAyCYU26dvFZBDUIMb7a,Demons,Imagine Dragons,Night Visions,175200,78,2012
1mea3bSkSGXuIRvnydlB5b,Viva La Vida,Coldplay,Viva La Vida or Death and All His Friends,242373,89,2008
32OlwWuMpZ6b0aN2RZOeMS,Uptown Funk (feat. Bruno Mars),Mark Ronson,Uptown Special,269666,86,2015
2tJulUYLDKOg9XrtVkMgcJ,Grenade,Bruno Mars,Doo-Wops & Hooligans,222091,81,2010
4O594chXfv4lHvneDP0Ud0,Animals,Maroon 5,V (Deluxe),231013,0,2014
4Ux0Y0eQYv4HJPvuxioosx,I Just Can't,R3HAB,I Just Can't,156000,0,2017
7cQMJ0wDqVS5iM0JIvP6Ay,The Last Of The Real Ones,Fall Out Boy,The Last Of The Real Ones,230426,0,2017
4xlrALxuaCf9yZBHJeTSG6,Mama,Jonas Blue,Mama,184133,1,2017
39IsH7B5byx8NRlEKlZVg9,Pretty Girl - Cheat Codes X CADE Remix,Maggie Lindemann,Pretty Girl (Cheat Codes X CADE Remix),193613,58,2017
14uKsvPJ0quzQvdB6f7Dur,Call on Me (Ryan Riback Remix),Starley,Call on Me (Remixes),222040,68,2016
6kex4EBAj0WHXDKZMEJaaF,Swalla (feat. Nicki Minaj & Ty Dolla $ign),Jason Derulo,Swalla (feat. Nicki Minaj & Ty Dolla $ign),216408,77,2017
23L5CiUhw2jV1OIMwthR3S,In the Name of Love,Martin Garrix,In the Name of Love,195706,83,2016
1x5sYLZiu9r5E43kMlt9f8,Symphony (feat. Zara Larsson),Clean Bandit,Symphony (feat. Zara Larsson),212459,76,2017
4mxWSdf71VFO52qFeY0fZt,What Lovers Do (feat. SZA),Maroon 5,What Lovers Do (feat. SZA),199849,0,2017
6EpRaXYhGOB3fj4V2uDkMJ,Strip That Down,Liam Payne,Strip That Down,204502,0,2017
5knuzwU65gJK7IF5yJsuaW,Rockabye (feat. Sean Paul & Anne-Marie),Clean Bandit,Rockabye (feat. Sean Paul & Anne-Marie),251088,77,2016
1dNIEtp7AY3oDAKCGg2XkH,Something Just Like This,The Chainsmokers,Something Just Like This,247626,75,2017
1KtU0WCq472KzqCXgMOxkS,That's What I Like - Alan Walker Remix,Bruno Mars,That's What I Like (Alan Walker Remix),195888,63,2017
5lNuqFVMca4vPupY10cH0J,No Promises (feat. Demi Lovato),Cheat Codes,No Promises (feat. Demi Lovato),222786,61,2017
7zsXy7vlHdItvUSH8EwQss,Cold Water,Major Lazer,Cold Water,185360,71,2016
0Oa9mHOnH14GZ4toWwkf4c,Good Life (with G-Eazy & Kehlani),G-Eazy,Good Life (with G-Eazy & Kehlani),225520,67,2017
0azC730Exh71aQlOt9Zj3y,This Is What You Came For,Calvin Harris,This Is What You Came For,222160,86,2016
2mfUa8bLs2s5N4VaqJZ4lZ,Most Girls,Hailee Steinfeld,Most Girls,204400,0,2017
2ekn2ttSfGqwhhate0LSR0,New Rules,Dua Lipa,Dua Lipa (Deluxe),209320,83,2017
7vfWgVGiLgnGbInU5lvSQg,I Took A Pill In Ibiza - Seeb Remix,Mike Posner,I Took A Pill In Ibiza (Seeb Remix),199226,2,2015
5CtI0qwDJkDQGwXD1H1cLb,Despacito - Remix,Luis Fonsi,Despacito Feat. Justin Bieber (Remix),228826,2,2017
4VrWlk8IQxevMvERoX08iC,Chandelier,Sia,1000 Forms Of Fear,216120,83,2014
31JwK4iHCf75rnQWoMPU5t,Talk Dirty (feat. 2 Chainz),Jason Derulo,Tattoos (Deluxe Edition),177685,62,2013
7yxNIKwbgYlqWgBYeEtFXN,Marry Me,Jason Derulo,Tattoos (Deluxe Edition),225026,45,2013
4B4zDmbHdkXZ1wUJv1yKFy,Wiggle (feat. Snoop Dogg),Jason Derulo,Tattoos (Deluxe Edition),193295,66,2013
1SJtlNRJDeYHioymcvsqev,Crying in the Club,Camila Cabello,Crying in the Club,216391,71,2017
6jA8HL9i4QGzsj6fjoxp8Y,There for You,Martin Garrix,There for You,221904,69,2017
4c2W3VKsOFoIg2SFaO6DY5,Your Song,Rita Ora,Your Song,180757,63,2017
6uBhi9gBXWjanegOb2Phh0,Stay,Zedd,Stay,210090,78,2017
4iLqG9SeJSnt0cSPICSjxv,Attention,Charlie Puth,Attention,211475,0,2017
79cuOz3SPQTuFrp8WgftAu,There's Nothing Holdin' Me Back,Shawn Mendes,Illuminate (Deluxe),199440,0,2017
0xiOxkgv2Re8jeIC1iy4Pf,Does It Feel Like Falling (Feat. Trinidad Cardona),Alex Aiono,Does It Feel Like Falling (Feat. Trinidad Cardona),234918,0,2017
0Zbbxnx4SGGHoIow4PpISP,Stargazing,Kygo,Stargazing - EP,236853,68,2017
6oNZ0WxqptE7V0qpjtyJ4a,Falls,ODESZA,A Moment Apart,232936,57,2017
6Pw3Gvw4wNMZfTYZa6IQal,The Way I Are (Dance with Somebody) (feat. Lil Wayne) - Spotify Version,Bebe Rexha,The Way I Are (Dance With Somebody) [feat. Lil Wayne],187787,0,2017
6HUnnBwYZqcED1eQztxMBN,Solo Dance,Martin Jensen,Solo Dance,174933,0,2016
0ofbQMrRDsUaVKq2mGLEAb,Havana (feat. Young Thug),Camila Cabello,Havana (feat. Young Thug),216896,13,2017
1bhUWB0zJMIKr9yVPrkEuI,Perfect Duet (Ed Sheeran & Beyoncé),Ed Sheeran,Perfect Duet (Ed Sheeran & Beyoncé),259550,73,2017
5VnDkUNyX6u5Sk0yZiP8XB,Thunder,Imagine Dragons,Evolve,187146,0,2017
3VlbOrM6nYPprVvzBZllE5,Too Good At Goodbyes,Sam Smith,The Thrill Of It All (Special Edition),201000,4,2017
6QgjcU0zLnzq5OrUoSZ3OK,Feel It Still,Portugal. The Man,Woodstock,163253,83,2017
4nYsmWkuTaowTMy4gskmBw,What Lovers Do (feat. SZA),Maroon 5,Red Pill Blues (Deluxe),199849,0,2017
2ekn2ttSfGqwhhate0LSR0,New Rules,Dua Lipa,Dua Lipa (Deluxe),209320,83,2017
5IaXuXfY0RriJqt3Muww0q,LOVE.,Kendrick Lamar,Chill Rap,213959,0,2017
32DGGj6KlNuBr6WaqRxpxi,How Long,Charlie Puth,How Long,198237,0,2017
4iLqG9SeJSnt0cSPICSjxv,Attention,Charlie Puth,Attention,211475,0,2017
2x0WlnmfG39ZuDmstl9xfX,End Game,Taylor Swift,reputation,244826,82,2017
3T6MAweakkNrMYs8jZIWtg,Like I Loved You,Brett Young,Brett Young,207186,66,2017
0tBbt8CrmxbjRP0pueQkyU,Wolves,Selena Gomez,Wolves,197993,81,2017
5A6BJLZArq1MPjsnmcuk5f,Lights Down Low,MAX,Hell's Kitchen Angel,223846,63,2016
52okn5MNA47tk87PeZJLEL,Let You Down,NF,Perception,212120,83,2017
0Qh38w01QRXK6KHIv0e3hb,What About Us,P!nk,Beautiful Trauma,269600,79,2017
1P17dC1amhFzptugyAO7Il,Look What You Made Me Do,Taylor Swift,reputation,211853,88,2017
7vGuf3Y35N4wmASOKLUVVU,Silence,Marshmello,Silence,180822,83,2017
4Ro98RCK90oHqqSZUnTFq5,Strip That Down,Liam Payne,Strip That Down,204502,68,2017
1NtIMM4N0cFa1dNzN15chl,Believer,Imagine Dragons,Evolve,204346,0,2017
7qiZfU4dY1lWllzX7mPBI3,Shape of You,Ed Sheeran,÷ (Deluxe),233712,89,2017
6uBhi9gBXWjanegOb2Phh0,Stay,Zedd,Stay,210090,78,2017
27vTihlWXiz9f9lJM3XGVU,Slow Hands,Niall Horan,Slow Hands,188174,55,2017
2jRGYG8U5bJzWOH6FLuzvO,It Ain't Me (with Selena Gomez) - Tiësto's AFTR:HRS Remix,Kygo,It Ain't Me (with Selena Gomez) [Tiësto's AFTR:HRS Remix],192000,43,2017
5CtI0qwDJkDQGwXD1H1cLb,Despacito - Remix,Luis Fonsi,Despacito Feat. Justin Bieber (Remix),228826,2,2017
1WIfWj5skn5UUZTs4cEFBe,Location,Khalid,Location,217566,54,2017
7iNIg7XDEaYECfWD5dJ9Va,Friends (with BloodPop®),Justin Bieber,Friends (with BloodPop®),189466,72,2017
7JJmb5XwzOO8jgpou264Ml,There's Nothing Holdin' Me Back,Shawn Mendes,Illuminate (Deluxe),199440,89,2017
3A7qX2QjDlPnazUsRk5y0M,2U (feat. Justin Bieber),David Guetta,2U (feat. Justin Bieber),194896,68,2017
4q8PHoRsPUB52LFylX8Ulz,More Than You Know,Axwell /\ Ingrosso,More Than You Know,203000,9,2017
2syQ0f4SAQdzvlAewPl1DJ,Get Low (with Liam Payne),Zedd,Get Low (with Liam Payne),204583,58,2017
5AEtlRudpgdT5FtNiuly6Y,"Let Me Go (with Alesso, Florida Georgia Line & watt)",Hailee Steinfeld,"Let Me Go (with Alesso, Florida Georgia Line & watt)",174800,0,2017
6jA8HL9i4QGzsj6fjoxp8Y,There for You,Martin Garrix,There for You,221904,69,2017
4c2W3VKsOFoIg2SFaO6DY5,Your Song,Rita Ora,Your Song,180757,63,2017
1sCxVKWImDZSZKvG0U9B23,Bad Liar,Selena Gomez,Bad Liar,214647,0,2017
4xlrALxuaCf9yZBHJeTSG6,Mama,Jonas Blue,Mama,184133,1,2017
5ELRkzdzz0HvGpMDlfZHkV,Sign of the Times,Harry Styles,Sign of the Times,340706,1,2017
1x5sYLZiu9r5E43kMlt9f8,Symphony (feat. Zara Larsson),Clean Bandit,Symphony (feat. Zara Larsson),212459,76,2017
1louJpMmzEicAn7lzDalPW,No Promises (feat. Demi Lovato),Cheat Codes,No Promises (feat. Demi Lovato),223503,68,2017
79NlESqzFSW0hdBWgls4FX,Praying,Kesha,Praying,230269,0,2017
2habSXqcJGExM6JJyskY7O,Malibu,Miley Cyrus,Malibu,231905,0,2017
6H2TKJ9KJfcq6MRmw2cF20,Bad Things - With Camila Cabello,Machine Gun Kelly,Bad Things,239280,0,2016
1mDGDb2fUmUMdqV3tb8VKQ,Now Or Never,Halsey,Now Or Never,214801,0,2017
3ebXMykcMXOcLeJ9xZ17XH,Scared to Be Lonely,Martin Garrix,Scared to Be Lonely,220883,80,2017
6yIdwnpDHufLWgQcveTPMk,I Don’t Wanna Live Forever (Fifty Shades Darker),ZAYN,I Don’t Wanna Live Forever (Fifty Shades Darker),245200,0,2016
1WC5UN1U79gJlxGLYDGIO7,Green Light,Lorde,Green Light,234661,0,2017
2qxaR31Te4xDR2yO6LqM8z,Rock Bottom,Hailee Steinfeld,HAIZ,198240,65,2016
6VpQdig9pdpTSIFItgkJV5,Never Be the Same,Camila Cabello,Never Be the Same,227087,59,2017
1SJtlNRJDeYHioymcvsqev,Crying in the Club,Camila Cabello,Crying in the Club,216391,71,2017
1wjzFQodRWrPcQ0AnYnvQ9,I Like Me Better,Lauv,I Like Me Better,197436,1,2017
7DoN0sCGIT9IcLrtBDm4f0,Lonely Together (feat. Rita Ora),Avicii,AVĪCI (01),181812,0,2017
10GJQkjRJcZhGTLagFOC62,Most Girls,Hailee Steinfeld,Most Girls,204400,70,2017
2yLa0QULdQr0qAIvVwN6B5,...Ready For It?,Taylor Swift,reputation,208186,85,2017
34oB5r0lcN3fYWCs2uA1k5,The Cure,Lady Gaga,The Cure,211363,66,2017
77dwRzKegOkVtlHajKnDCb,Find You,Nick Jonas,Find You,197893,56,2017
5yFSF6qQA1rcLsQRnBsZgb,All Falls Down (feat. Juliander),Alan Walker,All Falls Down (feat. Juliander),199111,65,2017
2Za1AlJNvksouPPWbXpR2X,Good Old Days (feat. Kesha),Macklemore,GEMINI,240506,75,2017
7jnKnxBeSQbcMAuXNmK2vQ,I Miss You (feat. Julia Michaels) - Yungen Remix,Clean Bandit,I Miss You (feat. Julia Michaels) [Yungen Remix],205381,28,2018
1byScELwcJffsdL5QWa6Yk,Why,Sabrina Carpenter,Why,171096,61,2017
4iCKHGl4ij4YMwFrUZLGEQ,Kill The Lights (with Nile Rodgers) - Audien Remix,Alex Newell,Kill The Lights (with Nile Rodgers) [Remixes],224761,58,2016
6NCnKQdnk3sSw2Sya1zlcT,I Choose U,Timeflies,I Choose U,228333,0,2013
7i2DJ88J7jQ8K7zqFX2fW8,Now Or Never,Halsey,hopeless fountain kingdom (Deluxe),214801,66,2017
7y9iMe8SOB6z3NoHE2OfXl,Bad At Love,Halsey,hopeless fountain kingdom (Deluxe),181279,77,2017
1OmcAT5Y8eg5bUPv9qJT4R,rockstar,Post Malone,rockstar,218320,0,2017
4lUnFLtn8w3W76FiYDRzmO,Wait,Maroon 5,Red Pill Blues (Deluxe),190642,0,2017
4EAV2cKiqKP5UPZmY6dejk,Everyday,Logic,Bobby Tarantino II,204746,68,2018
6DCZcSspjsKoFjzjrWoCdn,God's Plan,Drake,Scorpion,198973,87,2018
3swc6WTsr7rl9DqQKQA55C,Psycho (feat. Ty Dolla $ign),Post Malone,beerbongs & bentleys,221440,79,2018
3ee8Jmje8o58CHK66QrVC2,SAD!,XXXTENTACION,?,166605,84,2018
7KXjTSCq5nL1LoYtL7XAwS,HUMBLE.,Kendrick Lamar,DAMN.,177000,87,2017
1BuZAIO8WZpavWVbbq3Lci,Powerglide (feat. Juicy J) - From SR3MM,Rae Sremmurd,SR3MM,332300,66,2018
2G7V7zsVDxg1yRsu7Ew9RJ,In My Feelings,Drake,Scorpion,217925,78,2018
0TlLq3lA83rQOYtrqBqSct,Nonstop,Drake,Scorpion,238614,82,2018
3wScL5W8H40zzCKN0atfBk,Uproar,Lil Wayne,Tha Carter V,194184,67,2018
43TP6JCWXgkc2D7Xjz5hBr,RAP DEVIL,Machine Gun Kelly,BINGE,281586,56,2018
1jo3TwNGCXfNdB5uba3ZVv,Killshot,Eminem,Killshot,253579,75,2018
60SdxE8apGAxMiRrpbmLY0,Lucky You (feat. Joyner Lucas),Eminem,Kamikaze,244679,76,2018
2SL6oP2YAEQbqsrkOzRGO4,Venom - Music From The Motion Picture,Eminem,Kamikaze,269554,78,2018
58QhkbaAkLFnn7JwAnAato,Fall,Eminem,Kamikaze,262493,66,2018
6n4U3TlzUGhdSFbUUhTvLP,Walk It Talk It,Migos,Culture II,276147,78,2018
0wbnC9AUenxp613TYaJsGK,Narcos,Migos,Culture II,255378,71,2018
6p8NuHm8uCGnn2Dtbtf7zE,Slippery (feat. Gucci Mane),Migos,Culture,304041,2,2017
4S8d14HvHb70ImctNgVzQQ,I Love It (& Lil Pump),Kanye West,I Love It,127946,75,2018
2xLMifQCjDGFmkHkpNLD9h,SICKO MODE,Travis Scott,ASTROWORLD,312820,87,2018
6gBFPUFcJLzWGx4lenP6h2,goosebumps,Travis Scott,Birds In The Trap Sing McKnight,243836,89,2016
1A6OTy97kk0mMdm78rHsm8,Sunflower - Spider-Man: Into the Spider-Verse,Post Malone,Sunflower (Spider-Man: Into the Spider-Verse),158053,0,2018
7dt6x5M1jzdTEt8oCbisTK,Better Now,Post Malone,beerbongs & bentleys,231266,83,2018
0e7ipj03S05BNilyu5bRzt,rockstar (feat. 21 Savage),Post Malone,beerbongs & bentleys,218146,86,2018
3a1lNhkSLSkpJE4MSHpDu9,Congratulations,Post Malone,Stoney (Deluxe),220293,85,2016
0s3nnoMeVWz3989MkNQiRf,Lucid Dreams,Juice WRLD,Goodbye & Good Riddance,239835,2,2018
2u7mxWSeoqTXndK5e08jMp,Nowadays (feat. Landon Cube),Lil Skies,Life of a Dark Rose,203907,69,2017
3e7Y6sfFlIdBMJhX7wpqVO,44 More,Logic,Bobby Tarantino II,188600,66,2018
5IaHrVsrferBYDm0bDyABy,Taste (feat. Offset),Tyga,Taste (feat. Offset),232959,73,2018
7GX5flRQZVHRAGd6B4TmDO,XO Tour Llif3,Lil Uzi Vert,Luv Is Rage 2,182706,85,2017
6HZILIRieu8S0iqY8kIKhj,DNA.,Kendrick Lamar,DAMN.,185946,82,2017
3GCdLUSnKSMJhs4Tj6CV3s,All The Stars (with SZA),Kendrick Lamar,Black Panther The Album Music From And Inspired By,232186,87,2018
7l3E7lcozEodtVsSTCkcaA,ZEZE (feat. Travis Scott & Offset),Kodak Black,ZEZE (feat. Travis Scott & Offset),228653,27,2018
7oJrVhiTPZGBXWPwhxjy9S,Lust,Lil Skies,Life of a Dark Rose,156000,75,2017
1xzBco0xcoJEDXktl7Jxrr,Mo Bamba,Sheck Wes,MUDBOY,183906,81,2018
2IRZnDFmlqMuOrYOLnZZyc,Going Bad (feat. Drake),Meek Mill,Championships,180522,81,2018
06zCmord9MeHAYHGTawbko,Young OG,Kris Wu,中國新說唱: 第 4 期,310428,0,2018
2G1tXoGBaEMJ7FKGnkf6ud,Wake Up in the Sky,Gucci Mane,Evil Genius,203161,77,2018
6MWtB6iiXyIwun0YzU6DFP,Wow.,Post Malone,Wow.,149520,1,2018
3ZhTT6yjZwpPph5MIJ53XY,Red Roses (feat. Landon Cube),Lil Skies,Life of a Dark Rose,262544,70,2017
2t8yVaLvJ0RenpXUIAC52d,a lot,21 Savage,i am > i was,288624,84,2018
2JvzF1RMd7lE3KmFlsyZD8,MIDDLE CHILD,J. Cole,MIDDLE CHILD,213593,84,2019
2FUNBaa5DwItJtYEBgAblU,monster,21 Savage,i am > i was,233039,61,2018
5EIIvtMRH9qyf5wIyEfT8l,Signs of Jealousy,Lil Skies,Life of a Dark Rose,178131,51,2017
25F6MWrnFBCXVnpN4n76EK,Keanu Reeves,Logic,Keanu Reeves,225986,3,2019
577YBGuskWkVDCxZrLRB4v,Pure Cocaine,Lil Baby,Street Gossip,154023,84,2018
6Gy7rXB6Ku5vIWC7WGWsl3,KIKA,6ix9ine,DUMMY BOY,136031,0,2018
6PGoSes0D9eUDeeAafB2As,LOVE. FEAT. ZACARI.,Kendrick Lamar,DAMN.,213400,87,2017
51w9Jbat1pLeWINGCpnQUR,TAlk tO Me (with Rich The Kid feat. Lil Wayne) - Remix,Tory Lanez,TAlk tO Me (with Rich The Kid feat. Lil Wayne) [Remix],248520,57,2018
20dP2DaMHIAmwWAbp7peSr,pick up the phone,Young Thug,Birds In The Trap Sing McKnight,252256,72,2016
3J5YrOvX2A0EA0j4BARQ9o,Look Back at It,A Boogie Wit da Hoodie,Look Back at It,179449,53,2018
6JQvHMSaR8flFsN53ypOfP,Noticed,Lil Mosey,Northsbest,165000,0,2018
30z4LVkScpeNhwHFIB8Ewa,I Love,Joyner Lucas,I Love,210197,62,2018
794QVQtFNy7hvtjQP1keQd,1942 (feat. Yo Gotti & YBN Nahmir),G-Eazy,1942 (feat. Yo Gotti & YBN Nahmir),213080,60,2018
55GiOwtxNajXVbpjjIzMnD,SWISH,Tyga,SWISH,194935,64,2018
0jAfdqv18goRTUxm3ilRjb,Startender (feat. Offset and Tyga),A Boogie Wit da Hoodie,Hoodie SZN,192779,65,2018
0u695M7KyzXaPIjpEbxOkB,SICKO MODE - Skrillex Remix,Travis Scott,SICKO MODE (Skrillex Remix),304512,62,2018
1qowUCis8gYY9KOMuy8fCi,Made In China,Higher Brothers,Made In China,171733,44,2018
65ES1qwOB577ZnTkizMXJJ,HUMBLE. - SKRILLEX REMIX,Skrillex,HUMBLE. (SKRILLEX REMIX),156800,71,2017
4m5Cd9kAbIxg6t9sMrQWtk,TIC TOC,6ix9ine,DUMMY BOY,135739,0,2018
1ZAyjvIk9YiD76yYy0TEG6,Plug Walk,Rich The Kid,The World Is Yours,175229,73,2018
2UVbBKQOdFAekPTRsnkzcf,Stir Fry,Migos,Culture II,190288,78,2018
0CokSRCu5hZgPxcZBaEzVE,Glorious (feat. Skylar Grey),Macklemore,GEMINI,220454,81,2017
11p2ty4w5GpoFL4vcK0Cru,Name in the Sand,Lil Skies,Shelby,168751,59,2019
4ZT9FnbFu1PaBfV3itxiqT,I,Lil Skies,Shelby,181890,71,2019
1wJRveJZLSb1rjhnUHQiv6,Swervin (feat. 6ix9ine),A Boogie Wit da Hoodie,Hoodie SZN,189486,74,2018
7eBqSVxrzQZtK2mmgRG6lC,Murder on My Mind,YNW Melly,I AM YOU,268434,81,2018
44ShclXTOOnYtt5CnCDeGV,Robbery,Juice WRLD,Robbery,240527,0,2019
63cd4JkwGgYJrbOizbfmsp,Pure Water (with Migos),Mustard,Pure Water (with Migos),194519,4,2019
4DTpngLjoHj5gFxEZFeD3J,Codeine Dreaming (feat. Lil Wayne),Kodak Black,Project Baby 2: All Grown Up (Deluxe Edition),264531,65,2017
1FvU97lrWOG2NRxErh6OZz,Bad and Boujee (feat. Lil Uzi Vert),Migos,Bad and Boujee (feat. Lil Uzi Vert),334466,0,2016
6fujklziTHa8uoM5OQSfIo,Black Beatles,Rae Sremmurd,SremmLife 2 (Deluxe),291893,78,2016
7pMRoGLEJuFM2wl5pt0R99,Legacy (feat. Travis Scott & 21 Savage),Offset,FATHER OF 4,244941,65,2019
4TWflhgevIGo448fWc6mQq,Red Room,Offset,FATHER OF 4,241440,61,2019
5wujBwqG7INdStqGd4tRMX,Armed And Dangerous,Juice WRLD,Goodbye & Good Riddance,169999,80,2018
5gub2bpJRgJP4m4MliqtdV,Space Cadet (feat. Gunna),Metro Boomin,NOT ALL HEROES WEAR CAPES,203266,0,2018
6vWEAOUSxohKxhp0K1BsxL,Mixed Personalities (feat. Kanye West),YNW Melly,We All Shine,230400,73,2019
74lnM5V6ecvoTPV0fvptx9,Nuketown (feat. Juice WRLD),Ski Mask The Slump God,STOKELEY,166400,76,2018
78QR3Wp35dqAhFEc2qAGjE,Drip Too Hard (Lil Baby & Gunna),Lil Baby,Drip Harder,145542,86,2018
6wWaVoUOzLQJHd3bWAUpdZ,"Never Recover (Lil Baby & Gunna, Drake)",Lil Baby,Drip Harder,194732,75,2018
6u7jPi22kF8CTQ3rb9DHE7,Old Town Road (feat. Billy Ray Cyrus) - Remix,Lil Nas X,Old Town Road,157066,1,2019
7IBSffWIu7P2MC7kMwy2FM,Hopeless Romantic (feat. Swae Lee),Wiz Khalifa,Rolling Papers 2,226742,68,2018
6MDjeiUWPPgEwLtiBrr9he,My Year,GASHI,My Year,190344,46,2019
14mHfNsSHN0FbLftyjrV9g,Leave Me Alone,Flipp Dinero,Leave Me Alone,195637,63,2018
0Lw6aQcBFWTQ9m4MSwwwes,Homicide,Logic,Homicide,245413,61,2019
7wBJfHzpfI3032CSD7CE2m,STARGAZING,Travis Scott,ASTROWORLD,270714,79,2018
2cYqizR4lgvp4Qu6IQ3qGN,BUTTERFLY EFFECT,Travis Scott,ASTROWORLD,190557,85,2018
0VgkVdmE4gld66l8iyGjgx,Mask Off,Future,FUTURE,204600,84,2017
4jvjzW7Hm0yK4LvvE0Paz9,Falling Down - Bonus Track,Lil Peep,"Come Over When You're Sober, Pt. 2",196400,82,2018
4hqOmrCCJKyiuwDexd8c2t,Price On My Head (feat. The Weeknd),NAV,Bad Habits (Deluxe),217775,58,2019
4odbaySGxXOgH7ISBUfgvg,Know Me,NAV,Bad Habits (Deluxe),155492,46,2019
7DcvwMAiqKJQD1rrdfxSDx,The London (feat. J. Cole & Travis Scott),Young Thug,The London (feat. J. Cole & Travis Scott),200106,69,2019
36TO60sxDduIsO3xH8IcUh,Isis,Joyner Lucas,Isis,236000,59,2019
5YAP8zpqj1eIX88makBjDe,Roses (with Juice WRLD feat. Brendon Urie),benny blanco,Roses (with Juice WRLD feat. Brendon Urie),223542,64,2018
04MLEeAMuV9IlHEsD8vF6A,No Stylist (feat. Drake),French Montana,No Stylist,192172,64,2018
4VXIryQMWpIdGgYR4TrjT1,All Girls Are The Same,Juice WRLD,Goodbye & Good Riddance,165819,88,2018
5ry2OE6R2zPQFDO85XkgRb,Money In The Grave (Drake ft. Rick Ross),Drake,The Best In The World Pack,205426,80,2019
6GSkLS2y4ZnnZsuRAj975K,Project Dreams,Marshmello,Project Dreams,167898,64,2019
3WRIaWsws011vHMd9uzPjG,First Off (feat. Travis Scott),Future,Future Hndrxx Presents: The WIZRD,228366,62,2019
4KGR7sqpECiRueUFHdHSLZ,天地,Kris Wu,Antares,216105,39,2018
6vBdBCoOhKHiYDDOcorfNo,Goodbyes (Feat. Young Thug),Post Malone,Goodbyes (Feat. Young Thug),174960,1,2019
2YpeDb67231RjR0MgVLzsG,Old Town Road - Remix,Lil Nas X,7 EP,157066,78,2019
2Fxmhks0bxGSBdJ92vM42m,bad guy,Billie Eilish,"WHEN WE ALL FALL ASLEEP, WHERE DO WE GO?",194087,85,2019
6v3KW9xbzN5yKLt9YKDYA2,Señorita,Shawn Mendes,Shawn Mendes (Deluxe),190799,82,2019
6ocbgoVGwYJhOv1GgI9NsF,7 rings,Ariana Grande,"thank u, next",178626,87,2019
0RiRZpuVRbi7oqRdSMwhQY,Sunflower - Spider-Man: Into the Spider-Verse,Post Malone,Hollywood's Bleeding,157560,88,2019
1BxfuPKGuaTgP7aM0Bbdwr,Cruel Summer,Taylor Swift,Lover,178426,99,2019
5p7ujcrUXASCNwRaWNHR1C,Without Me,Halsey,Without Me,201660,76,2018
0u2P5u6lvoDfwTYjAADbn4,lovely (with Khalid),Billie Eilish,lovely (with Khalid),200185,91,2018
2VxeLyX666F8uXCJ0dZF8B,Shallow,Lady Gaga,A Star Is Born Soundtrack,215733,87,2018
2qxmye6gAegTMjLKEBoR3d,Let Me Down Slowly,Alec Benjamin,Narrated For You,169353,88,2018
7qEHsqek33rTcFNT9PFqLf,Someone You Loved,Lewis Capaldi,Divinely Uninspired To A Hellish Extent,182160,91,2019
2xLMifQCjDGFmkHkpNLD9h,SICKO MODE,Travis Scott,ASTROWORLD,312820,87,2018
1dGr1c8CrMLDpV6mPbImSI,Lover,Taylor Swift,Lover,221306,92,2019
2vXKRlJBXyOcvZYTdNeckS,Lost in the Fire (feat. The Weeknd),Gesaffelstein,Hyperion,202093,85,2019
43zdsphuZLzwA9k4DJhU0I,when the party's over,Billie Eilish,"WHEN WE ALL FALL ASLEEP, WHERE DO WE GO?",196077,86,2019
7DnAm9FOTWE3cUvso43HhI,Sweet but Psycho,Ava Max,Heaven & Hell,187436,85,2020
1lOe9qE0vR9zwWQAOk6CoO,Ransom,Lil Tecca,We Love You Tecca,131240,85,2019
2JvzF1RMd7lE3KmFlsyZD8,MIDDLE CHILD,J. Cole,MIDDLE CHILD,213593,84,2019
3e9HZxeyfWwjeyPAMmWSSQ,"thank u, next",Ariana Grande,"thank u, next",207320,84,2019
4Of7rzpRpV1mWRbhp5rAqG,Bruises,Lewis Capaldi,Divinely Uninspired To A Hellish Extent,220492,84,2019
0Oqc0kKFsQ6MhFOLBNZIGX,Doin' Time,Lana Del Rey,Norman Fucking Rockwell!,202192,84,2019
6RRNNciQGZEXnqk8SQ9yv5,You Need To Calm Down,Taylor Swift,Lover,171360,84,2019
2t8yVaLvJ0RenpXUIAC52d,a lot,21 Savage,i am > i was,288624,84,2018
7dt6x5M1jzdTEt8oCbisTK,Better Now,Post Malone,beerbongs & bentleys,231266,83,2018
5hVghJ4KaYES3BFUATCYn0,EARFQUAKE,"Tyler, The Creator",IGOR,190066,83,2019
1rqqCSm0Qe4I9rUvWncaom,High Hopes,Panic! At The Disco,Pray for the Wicked,190946,83,2018
4l0Mvzj72xxOpRrp6h8nHi,Lose You To Love Me,Selena Gomez,Rare,206458,83,2020
6iaSML1PIYq936g62BDtBq,Robbery,Juice WRLD,Death Race For Love (Bonus Track Version),240050,83,2019
22vgEDb5hykfaTwLuskFGD,Sucker,Jonas Brothers,Happiness Begins,181026,82,2019
2tnVG71enUj33Ic2nFN6kZ,Ride It,Regard,Ride It,157605,82,2019
0Ryd8975WihbObpp5cPW1t,boyfriend (with Social House),Ariana Grande,boyfriend,186106,82,2019
0t3ZvGKlmYmVsDzBJAXK8C,Goodbyes (feat. Young Thug),Post Malone,Hollywood's Bleeding,174853,81,2019
2IRZnDFmlqMuOrYOLnZZyc,Going Bad (feat. Drake),Meek Mill,Championships,180522,81,2018
60iSKGrGazRzICtMjADNSM,Hold Me While You Wait,Lewis Capaldi,Divinely Uninspired To A Hellish Extent,205686,81,2019
5w9c2J52mkdntKOmRLeM2m,Con Calma,Daddy Yankee,Con Calma,193226,80,2019
0FZ4Dmg8jJJAPJnvBIzD9z,ZEZE (feat. Travis Scott & Offset),Kodak Black,Dying to Live,228759,80,2018
6uFn47ACjqYkc0jADwEdj1,Pop Out (feat. Lil Tjay),Polo G,Die A Legend,166560,80,2019
3z4CGd63tpUn9a6oQSG0CI,Location (feat. Burna Boy),Dave,PSYCHODRAMA,241293,80,2019
5ry2OE6R2zPQFDO85XkgRb,Money In The Grave (Drake ft. Rick Ross),Drake,The Best In The World Pack,205426,80,2019
6ZRuF2n1CQxyxxAAWsKJOy,Nights Like This (feat. Ty Dolla $ign),Kehlani,While We Wait,201787,80,2019
4kV4N9D1iKVxx1KLvtTpjS,"break up with your girlfriend, i'm bored",Ariana Grande,"thank u, next",190440,79,2019
0PG9fbaaHFHfre2gUVo7AN,Please Me,Cardi B,Please Me,200889,79,2019
3Ol2xnObFdKV9pmRD2t9x8,Look Back at It,A Boogie Wit da Hoodie,Hoodie SZN,179449,79,2018
3gE4eQH3K83Sght0ZLvuBK,MIA,Bad Bunny,X 100PRE,210367,79,2018
4a9tbd947vo9K8Vti9JwcI,Boy With Luv (feat. Halsey),BTS,MAP OF THE SOUL : PERSONA,229773,78,2019
2XU0oxnq2qxCpomAAuJY8K,Dance Monkey,Tones And I,Dance Monkey (Stripped Back) / Dance Monkey,209438,78,2019
6WrI0LAC5M1Rw2MnX2ZvEg,Don't Start Now,Dua Lipa,Don't Start Now,183290,78,2019
0F7FA14euOIX8KcbEturGH,Old Town Road,Lil Nas X,7 EP,113000,77,2019
2wrJq5XKLnmhRXHIAf9xBa,"10,000 Hours (with Justin Bieber)",Dan + Shay,"10,000 Hours (with Justin Bieber)",167693,77,2019
6oJ6le65B3SEqPwMRNXWjY,Higher Love,Kygo,Higher Love,228267,77,2019
132ALUzVLmqYB4UsBj5qD6,Adan y Eva,Paulo Londra,Homerun,256971,77,2019
5WHTFyqSii0lmT9R21abT8,Don't Call Me Up,Mabel,Ivy To Roses (Mixtape),178480,77,2019
7LpMG3AEaIJgs62HQhAa91,i'm so tired...,Lauv,~how i'm feeling~,162586,77,2020
3j84U36KvLeXNDPv4t5pI8,Pure Water (with Migos),Mustard,Perfect Ten,192470,77,2019
2ksOAxtIxY8yElEWw8RhgK,China,Anuel AA,China,301714,76,2019
4SSnFejRGlZikf02HLewEF,bury a friend,Billie Eilish,"WHEN WE ALL FALL ASLEEP, WHERE DO WE GO?",193143,76,2019
2TH65lNHgvLxCKXM3apjxI,Callaita,Bad Bunny,Callaita,250533,76,2019
1tNJrcVe6gwLEiZCtprs1u,3 Nights,Dominic Fike,"Don't Forget About Me, Demos",177666,76,2018
5icOoE6VgqFKohjWWNp0Ac,Here With Me,Marshmello,Here With Me,156346,76,2019
70eFcWOvlMObDhURTqT4Fv,Beautiful People (feat. Khalid),Ed Sheeran,No.6 Collaborations Project,197866,76,2019
27rdGxbavYJeBphck5MZAF,Nothing Breaks Like a Heart (feat. Miley Cyrus),Mark Ronson,Nothing Breaks Like a Heart (feat. Miley Cyrus),217466,76,2018
2x0RZdkZcD8QRI53XT4GI5,SOS (feat. Aloe Blacc),Avicii,TIM,157202,76,2019
6Qs4SXO9dwPj5GKvVOv8Ki,Dancing With A Stranger (with Normani),Sam Smith,Dancing With A Stranger (with Normani),171029,75,2019
6hvczQ05jc1yGlp9zhb95V,Kill This Love,BLACKPINK,KILL THIS LOVE,191050,75,2019
4t9a07PAghtQMRAIP9FQ7Z,Soltera (Remix),Lunay,Épico,266086,75,2019
5iwz1NiezX7WWjnCgY5TH4,Calma - Remix,Pedro Capó,Calma (Remix),238200,75,2018
0pEkK8MqbmGSX7fT8WLMbR,Grace,Lewis Capaldi,Divinely Uninspired To A Hellish Extent,185657,74,2019
7tFiyTwD0nx5a1eklYtX2J,Bohemian Rhapsody - Remastered 2011,Queen,A Night At The Opera (Deluxe Remastered Version),354320,74,1975
6KgBpzTuTRPebChN0VTyzV,Good as Hell,Lizzo,Cuz I Love You (Super Deluxe),159735,74,2019
5W83ErFkO3aKAIS1WMi6u0,Secreto,Anuel AA,Secreto,258799,74,2019
5KBARWIxeMGkvUax9VtVC9,My Type,Saweetie,ICY,126446,74,2019
0KoiMHhqKLoL4xM54rcWYY,"Taki Taki (feat. Selena Gomez, Ozuna & Cardi B)",DJ Snake,Carte Blanche,212500,74,2019
1wJRveJZLSb1rjhnUHQiv6,Swervin (feat. 6ix9ine),A Boogie Wit da Hoodie,Hoodie SZN,189486,74,2018
0hVXuCcriWRGvwMV1r5Yn9,I Don't Care (with Justin Bieber),Ed Sheeran,No.6 Collaborations Project,219946,74,2019
3HWzoMvoF3TQfYg4UPszDq,Truth Hurts,Lizzo,Cuz I Love You (Super Deluxe),173325,74,2019
4hPpVbbakQNv8YTHYaOJP4,One Thing Right,Marshmello,One Thing Right,181823,73,2019
1DFD5Fotzgn6yYXkYsKiGs,Piece Of Your Heart,MEDUZA,Piece Of Your Heart,152913,73,2019
2GGMabyHXnJmjY6CXhhB2e,Money,Cardi B,Money,183527,73,2018
2Xnv3GntqbBH1juvUYSpHG,So Am I,Ava Max,Heaven & Hell,183026,73,2020
2OpBganfGk2GVdSlRdxzaX,Better,Khalid,Suncity,229320,73,2018
6V7g6qM8wheMivMWrzbPTM,Leave Me Alone,Flipp Dinero,LOVE FOR GUALA,195637,73,2019
4n3aUQnIxtVXpDwFvi66VD,emotions,iann dior,nothings ever good enough,131213,73,2019
0DiDStADDVh3SvAsoJAFMk,Only Human,Jonas Brothers,Happiness Begins,183000,72,2019
1Ej96GIBCTvgH7tNX1r3qr,Otro Trago,Sech,Sueños,225933,72,2019
1000nHvUdawXuUHgBod4Wv,Panini,Lil Nas X,Panini,114893,72,2019
6b2RcmUt1g9N9mQ3CbjX2Y,How Do You Sleep?,Sam Smith,How Do You Sleep?,202204,72,2019
2gwkD6igEhQbDQegRCcdoB,Suge,DaBaby,Baby On Baby,163320,72,2019
5itOtNx0WxtJmi1TQ3RuRd,Giant (with Rag'n'Bone Man),Calvin Harris,Giant (with Rag'n'Bone Man),229184,71,2019
6QQtHdz4PNJWQX4nrAQGC9,Slide Away,Miley Cyrus,SHE IS COMING,233654,71,2019
6TqXcAFInzjp0bODyvrWEq,Talk (feat. Disclosure),Khalid,Free Spirit,197573,72,2019
3cWI6Hj9LQ0MfMuhw9uSMc,Lost Without You,Freya Ridings,Freya Ridings,225853,71,2019
0rIAC4PXANcKmitJfoqmVm,Motivation,Normani,Motivation,193837,71,2019
5PYQUBXc7NYeI1obMKSJK0,Never Really Over,Katy Perry,Never Really Over,223523,70,2019
7AODNxFNPnKaz4hURLzw5l,Ladbroke Grove,AJ Tracey,AJ Tracey,190537,70,2019
6LsAAHotRLMOHfCsSfYCsz,If I Can't Have You,Shawn Mendes,If I Can't Have You,190800,70,2019
6UnCGAEmrbGIOSmGRZQ1M2,Light On,Maggie Rogers,Heard It In A Past Life,233880,70,2019
2bjUEg4jBtKBlPdNrTAppI,Easier,5 Seconds of Summer,CALM,158098,70,2020
7DcvwMAiqKJQD1rrdfxSDx,The London (feat. J. Cole & Travis Scott),Young Thug,The London (feat. J. Cole & Travis Scott),200106,69,2019
59ywHNwwchG4nZJMLyxSzd,Clout (feat. Cardi B),Offset,FATHER OF 4,205803,69,2019
01tA4XmJ4fGQNwti6b2hPm,The Git Up,Blanco Brown,Honeysuckle & Lightning Bugs,200593,69,2019
0VjIjW4GlUZAMYd2vXMi3b,Blinding Lights,The Weeknd,After Hours,200040,93,2020
0nbXyq5TXYPCO7pr3N8S4I,The Box,Roddy Ricch,Please Excuse Me for Being Antisocial,196652,86,2019
7igeByaBM0MgGsgXtNxDJ7,positions,Ariana Grande,positions,172324,0,2020
4LEK9rD7TWIG4FCL1s27XC,cardigan,Taylor Swift,folklore,239560,54,2020
7eJMfftS33KTjuF7lTsMCx,death bed (coffee for your head),Powfu,death bed (coffee for your head),173333,83,2020
6UelLqGlWMcVH1E5c4H7lY,Watermelon Sugar,Harry Styles,Fine Line,174000,89,2019
22LAwLoDA5b4AaGSkg6bKW,Blueberry Faygo,Lil Mosey,Certified Hitmaker,162546,77,2020
696DnlkuDOXcMAnKlTgXXK,ROXANNE,Arizona Zervas,ROXANNE,163636,79,2019
1tkg4EHVoqnhR6iFEXb60y,What You Know Bout Love,Pop Smoke,Shoot For The Stars Aim For The Moon,160000,82,2020
127QTOFJsJQp5LbJbu3A1y,Toosie Slide,Drake,Toosie Slide,247058,74,2020
2rRJrJEo19S2J82BDsQ3F7,Falling,Trevor Daniel,Nicotine,159381,0,2020
2b8fOow8UzyDFAE27YhOZM,Memories,Maroon 5,Memories,189486,30,2019
3ZCTVFBt2Brf31RLEnCkWJ,everything i wanted,Billie Eilish,everything i wanted,245425,86,2019
3hUxzQpSfdDqwM3ZTFQY0K,august,Taylor Swift,folklore,261922,90,2020
3Dv1eDb0MEgF93GpLXlucZ,Say So,Doja Cat,Hot Pink,237893,79,2019
4Oun2ylbjFKMPTiaSbbCih,WAP (feat. Megan Thee Stallion),Cardi B,WAP (feat. Megan Thee Stallion),187541,80,2020
24ySl2hOPGCDcxBxFIqWBu,Rain On Me (with Ariana Grande),Lady Gaga,Rain On Me (with Ariana Grande),182200,74,2020
0v1x6rN6JHRapa03JElljE,Dynamite,BTS,Dynamite,199053,0,2020
5v4GgrXPMghOnBBLmveLac,Savage Remix (feat. Beyoncé),Megan Thee Stallion,Savage Remix (feat. Beyoncé),242000,67,2020
5RqR4ZCCKJDcBLIn4sih9l,Party Girl,StaySolidRocky,Party Girl,147800,73,2020
5yY9lUy8nbvjM1Uyo1Uqoc,Life Is Good (feat. Drake),Future,Life Is Good (feat. Drake),237735,78,2020
2DQNYMRjisN3KAPj1bEwOI,"Lemonade (feat. Gunna, Don Toliver & NAV)",Internet Money,B4 The Storm,195428,21,2020
7ytR5pFWmSjzHJIeQkgog4,ROCKSTAR (feat. Roddy Ricch),DaBaby,BLAME IT ON BABY,181733,79,2020
47EiUVwUp4C9fGccaPuUCS,DÁKITI,Bad Bunny,DÁKITI,205090,80,2020
3tjFYV6RSFtuktYl3ZtYcq,Mood (feat. iann dior),24kGoldn,Mood (feat. iann dior),140525,18,2020
4HBZA5flZLE435QTztThqH,Stuck with U (with Justin Bieber),Ariana Grande,Stuck with U,228482,83,2020
4xqrdfXkTW4T0RauPLv3WA,Heather,Conan Gray,Kid Krow,198040,91,2020
1raaNykBg1bDnWENUiglUA,Break My Heart,Dua Lipa,Break My Heart,221820,67,2020
45bE4HXI0AwGZXfZtMp8JR,you broke me first,Tate McRae,you broke me first,169265,85,2020
2Z8yfpFX0ZMavHkcIeHiO1,Monster (Shawn Mendes & Justin Bieber),Shawn Mendes,Monster,178994,71,2020
2kJwzbxV2ppxnQoYw4GLBZ,If the World Was Ending (feat. Julia Michaels),JP Saxe,If the World Was Ending (feat. Julia Michaels),208687,79,2019
4umIPjkehX1r7uhmGvXiSV,Intentions (feat. Quavo),Justin Bieber,Changes,212866,77,2020
1Cv1YLb4q0RzL6pybtaMLo,Sunday Best,Surfaces,Where the Light Is,158571,45,2019
0PvFJmanyNQMseIFrU708S,For The Night (feat. Lil Baby & DaBaby),Pop Smoke,Shoot For The Stars Aim For The Moon,190476,80,2020
2MbdDtCv5LUVjYy9RuGTgC,"WHATS POPPIN (feat. DaBaby, Tory Lanez & Lil Wayne) - Remix",Jack Harlow,"WHATS POPPIN (feat. DaBaby, Tory Lanez & Lil Wayne) [Remix]",227478,73,2020
2Wo6QQD1KMDWeFkkjLqwx5,Roses - Imanbek Remix,SAINt JHN,Roses (Imanbek Remix),176218,42,2019
3jjujdWJ72nww5eGnfs2E7,Adore You,Harry Styles,Fine Line,207133,85,2019
2SAqBLGA283SUiwJ3xOUVI,Laugh Now Cry Later (feat. Lil Durk),Drake,Laugh Now Cry Later (feat. Lil Durk),261492,81,2020
6AGOKlMZWLCaEJGnaROtF9,Put Your Records On,Ritt Momney,Put Your Records On,210463,75,2020
7FIWs0pqAYbP91WWM0vlTQ,Godzilla (feat. Juice WRLD),Eminem,Music To Be Murdered By,210800,90,2020
3eekarcy7kvN4yt5ZFzltW,HIGHEST IN THE ROOM,Travis Scott,HIGHEST IN THE ROOM,175720,86,2019
7AzlLxHn24DxjgQX73F9fU,No Idea,Don Toliver,Heaven Or Hell,154424,84,2020
3GZoWLVbmxcBys6g0DLFLf,Supalonely (feat. Gus Dapperton),BENEE,Hey u x,223488,62,2020
4Lxseh0wN7N0ljiOh8KwbU,Come & Go (with Marshmello),Juice WRLD,Come & Go (with Marshmello),205484,60,2020
463CkQjx2Zk1yXoBuierM9,Levitating (feat. DaBaby),Dua Lipa,Levitating (feat. DaBaby),203064,74,2020
0EhpEsp4L0oRGM0vmeaN5e,UN DIA (ONE DAY) (Feat. Tainy),J Balvin,UN DIA (ONE DAY) (Feat. Tainy),232253,73,2020
2tnVG71enUj33Ic2nFN6kZ,Ride It,Regard,Ride It,157605,82,2019
3H7ihDc1dqLriiWXwsc2po,Breaking Me,Topic,Breaking Me,166793,78,2019
62aP9fBQKYKxi7PDXwcUAS,ily (i love you baby) (feat. Emilee),Surf Mesa,ily (i love you baby) (feat. Emilee),176546,78,2019
7HMmFQsKsljwTw8bS7lu19,Rare,Selena Gomez,Rare,220589,63,2020
1DWZUa5Mzf2BwzpHtgbHPY,Good News,Mac Miller,Circles,342040,74,2020
5u1n1kITHCxxp8twBcZxWy,Holy (feat. Chance The Rapper),Justin Bieber,Holy,212093,72,2020
1xQ6trAsedVPCdbtDAmk0c,Savage Love (Laxed - Siren Beat),Jawsh 685,Savage Love (Laxed - Siren Beat),171374,76,2020
5JqZ3oqF00jkT81foAFvqg,Prisoner (feat. Dua Lipa),Miley Cyrus,Prisoner (feat. Dua Lipa),169333,3,2020
6EDO9iiTtwNv6waLwa1UUq,POPSTAR (feat. Drake),DJ Khaled,POPSTAR (feat. Drake),200221,73,2020
3vAn0qZzdyuHamcrpkfiX3,How You Like That,BLACKPINK,How You Like That,181263,1,2020
27ycaQnQAxaPiyeg3nr2aB,Midnight Sky,Miley Cyrus,Midnight Sky,223279,2,2020
41L3O37CECZt3N7ziG2z7l,Yummy,Justin Bieber,Yummy,210426,68,2020
6WrI0LAC5M1Rw2MnX2ZvEg,Don't Start Now,Dua Lipa,Don't Start Now,183290,78,2019
21jGcNKet2qwijlDFuPiPb,Circles,Post Malone,Hollywood's Bleeding,215280,89,2019
2gMXnyrvIjhVBUZwvLZDMP,Before You Go,Lewis Capaldi,Divinely Uninspired To A Hellish Extent (Extended Edition),215106,87,2019
7lidXGPXPYLNThITAOTlkK,You should be sad,Halsey,Manic,205473,74,2020
1rgnBhdG2JDFTbYkYRZAku,Dance Monkey,Tones And I,Dance Monkey,209754,65,2019
54bFM56PmE4YLRnqpW6Tha,Therefore I Am,Billie Eilish,Therefore I Am,174321,74,2020
6Im9k8u9iIzKMrmV7BWtlF,34+35,Ariana Grande,Positions,173710,81,2020
2p8IUWQDrpjuFltbdgLOag,After Hours,The Weeknd,After Hours,361026,87,2020
2ajzBr7vwHTEBeqDzcsNRC,That Way - Bonus Track,Lil Uzi Vert,Eternal Atake,212354,63,2020
5rZlwNFl01HqLWBQGryKSm,Mood Swings (feat. Lil Tjay),Pop Smoke,Shoot For The Stars Aim For The Moon,213333,80,2020
0sf12qNH5qcw8qpgymFOqD,Blinding Lights,The Weeknd,Blinding Lights,201573,19,2019
39Yp9wwQiSRIDOvrVg7mbk,THE SCOTTS,THE SCOTTS,THE SCOTTS,165977,78,2020
7szuecWAPwGoV1e5vGu8tl,In Your Eyes,The Weeknd,After Hours,237520,80,2020
70rFIfYN7lU6iTgUIVP42w,my ex's best friend (with blackbear),Machine Gun Kelly,my ex's best friend (with blackbear),138970,0,2020
6cx06DFPPHchuUAcTxznu9,Head & Heart (feat. MNEK),Joel Corry,Head & Heart (feat. MNEK),166028,80,2020
3IB5qOeMayvpOdHxYCL5tZ,ON (Feat. Sia),BTS,MAP OF THE SOUL : 7,246816,0,2020
14wf185UxfNbSy8dwt4r4q,MAMACITA,Black Eyed Peas,MAMACITA,249142,67,2020
7k4t7uLgtOxPwTpFmtJNTY,Tusa,KAROL G,Tusa,200960,77,2019
3Z8FwOEN59mRMxDCtb8N0A,Be Kind (with Halsey),Marshmello,Be Kind (with Halsey),172761,76,2020
7qEHsqek33rTcFNT9PFqLf,Someone You Loved,Lewis Capaldi,Divinely Uninspired To A Hellish Extent,182160,91,2019
7MN8RYSofZsFROBlEOAzXq,Past Life (with Selena Gomez),Trevor Daniel,Past Life (with Selena Gomez),186480,63,2020
4y4spB9m0Q6026KfkAvy9Q,Lonely (with benny blanco),Justin Bieber,Lonely (with benny blanco),149297,72,2020
3AzjcOeAmA57TIOr9zF1ZW,Physical,Dua Lipa,Future Nostalgia,193829,78,2020
6J2LdBN97cDWn0MLxYh9HB,July,Noah Cyrus,THE END OF EVERYTHING,156106,84,2020
1yoMvmasuxZfqHEipJhRbp,Hawái,Maluma,PAPI JUANCHO,199112,79,2020
4NCsrTzgVfsDo8nWyP8PPc,RITMO (Bad Boys For Life),Black Eyed Peas,Translation,214934,47,2020
6R6ZoHTypt5lt68MWbzZXv,Sour Candy (with BLACKPINK),Lady Gaga,Sour Candy (with BLACKPINK),157706,68,2020
6o3QUC5oAE4g6WxRIFcZtb,Wishing Well,Juice WRLD,Legends Never Die,194621,1,2020
73SpzrcaHk0RQPFP73vqVR,No Time To Die,Billie Eilish,No Time To Die,242265,79,2020
4DpNNXFMMxQEKl7r0ykkWA,Play Date,Melanie Martinez,Cry Baby (Deluxe Edition),179867,79,2015
0TrPqhAMoaKUFLR7iYDokf,Know Your Worth,Khalid,Know Your Worth,181436,69,2020
0RiRZpuVRbi7oqRdSMwhQY,Sunflower - Spider-Man: Into the Spider-Verse,Post Malone,Hollywood's Bleeding,157560,88,2019
2J4P46vCFm1rPkNkp9pZWX,Ice Cream (with Selena Gomez),BLACKPINK,Ice Cream (with Selena Gomez),175813,65,2020
2Fxmhks0bxGSBdJ92vM42m,bad guy,Billie Eilish,"WHEN WE ALL FALL ASLEEP, WHERE DO WE GO?",194087,85,2019
1IIKrJVP1C9N7iPtG6eOsK,Go Crazy,Chris Brown,Slime & B,176960,77,2020
5KCbr5ndeby4y4ggthdiAb,Wonder,Shawn Mendes,Wonder,172692,71,2020
4w47S36wQGBhGg073q3nt7,TKN (feat. Travis Scott),ROSALÍA,TKN (feat. Travis Scott),129370,71,2020
4HDCLYli2SUdkq9OjmvhSD,BELIEVE IT,PARTYNEXTDOOR,PARTYMOBILE,183219,8,2020
4wNIkl5XGiAACjFBlDWuSd,What A Man Gotta Do,Jonas Brothers,What A Man Gotta Do,180644,74,2020
4Ws314Ylb27BVsvlZOy30C,Lovesick Girls,BLACKPINK,THE ALBUM,194765,75,2020
2kJu14V7hbZw3I4K8L8SXb,Stupid Love,Lady Gaga,Stupid Love,193530,32,2020
2DEZmgHKAvm41k4J3R2E9Y,Safaera,Bad Bunny,YHLQMDLG,295176,78,2020
1mTROTnvFi7uxGciL319Kb,Sa Dulo Ng Walang Hanggan - Sa Ngalan Ng Pag-Ibig Piano Version,December Avenue,Sa Dulo Ng Walang Hanggan (Sa Ngalan Ng Pag-Ibig Piano Version),342067,44,2018
65sEZZaxTjLMD8vNgPoMz5,Imahe,Magnus Haven,Imahe,321817,70,2018
5l9g7py8RCblcvbZgGQgSd,Pagtingin,Ben&Ben,LIMASAWA STREET,227370,73,2019
6KfGuMyhHwuQtMSBvQ02pI,Paubaya,Moira Dela Torre,Paubaya,282490,3,2020
7hoP5NDUXEbmOawvEAsi8h,'Di Na Babalik,This Band,'Di Na Babalik,340262,0,2019
6xQs6y6CpDqK9VKCktApEL,Hiling,Mark Carpio,Hiling,235009,63,2015
28aWA6NMjMTZGWLrJEX0UA,Hindi Tayo Pwede (Acoustic),The Juans,Hindi Tayo Pwede (Acoustic),318000,0,2019
0gDRtumoR9ZrvAlnniToMz,Ikaw At Ako,Moira Dela Torre,Ikaw At Ako,269876,4,2019
58grXgbCj7t5ulr0TGLIr9,Kahit Ayaw Mo Na,This Band,Kahit Ayaw Mo Na,243015,0,2018
6GIzDc4xBUeYHwubWwTrhC,Kahit Di Mo Alam,December Avenue,Kahit Di Mo Alam,282094,46,2017
2vCDBmJCmvzkBkgCZOdt9h,Kahit Gaano Kalayo,Mark Carpio,Hiling,225759,43,2015
4Yp1a9HZjtnNCd577RLYp2,Kay Tagal,Mark Carpio,Hiling,219966,60,2015
2BgD4nRyx9EZ5o8YEnjRSV,Kung 'Di Rin Lang Ikaw,December Avenue,Kung 'Di Rin Lang Ikaw,267759,51,2018
2R9PAp9MwMUfn4lbWg74Jf,Naghihintay Sayo,Mark Carpio,Hiling,258605,41,2015
2Dc42FhY3f8oPCCWuRnvWL,Nobela,Join The Club,Pinoy Pag-ibig,291506,37,2020
0YyM8aEdbjGfLWPn6fdcn7,Pasensya Ka Na,Silent Sanctuary,Langit. Luha.,241029,0,2015
00mBzIWv5gHOYxwuEJXjOG,Sa Ngalan Ng Pag-Ibig,December Avenue,Sa Ngalan Ng Pag-Ibig,285138,51,2017
1X4l4i472kW5ofFP8Xo0x0,Sana - Single Version,I Belong to the Zoo,Sana,277098,2,2018
5X0rdNMk9xtQ5dNVMfZA6x,Sana'y Di Nalang,Bandang Lapis,Sana'y Di Nalang,339184,0,2020
29xs643Q96uQLD8f7SxYYw,Sa'yo,Silent Sanctuary,Monodramatic,253360,0,2013
0ztDBQdQmdVZvorSmIjMih,Tagpuan,Moira Dela Torre,Malaya,260240,3,2018
1KKIsW5U8V85UNIadfjbWb,Tuwing Umuulan,Moira Dela Torre,Tunog Natin,275027,48,2015
7KmzW7UbwR6A55r41gm6Ql,Ako Na Lang Sana,Mark Carpio,Ako Na Lang Sana,259217,51,2018
0Vmk6Ebk4QBq7r0VAz2a6s,Bakit Ba Ikaw,Michael Pangilinan,Michael,245586,3,2016
5NXdUJ3Z2jhlp2u1cj6f7m,Balang Araw - Single Version,I Belong to the Zoo,Balang Araw,288207,1,2018
55wiiyCgZIFAbQxDUctLjd,Binalewala - Acoustic Version,Michael Dutchi Libranda,Binalewala,290063,48,2019
6YEO7K4hwGKh7BmNxMMvkc,Oks Lang,John Roa,Oks Lang,336369,0,2018
0SzvXb3BAWgTHACbIXGNPa,Halik,Kamikazee,Romantico,222680,0,2012
1Yd9vD5QKZTMA6yFxFuD1M,Pansamantala,Callalily,Flower Power,277813,0,2012
4N4SnTk6rQbLAcARYnjGD9,Kung Wala Ka,Hale,Hale,242848,0,2005
5f9808hpiCpuNyqqdXmpF2,Buwan,juan karlos,Buwan,343446,69,2018
2RgD3eO4IIGF16rR8Ch8OV,Hindi Na Nga,This Band,Hindi Na Nga,282442,0,2018
6bMSUhAmaAGTb5RTTuzWE3,Simpleng Tao,Gloc-9,G9,244600,2,2003
11UCOZaA09dWQJIPsZe7VC,Pangako,Kindred Garten,Flames - The Movie (Original Motion Picture Soundtrack),273479,0,1997
4FEGMKO2TEy92HoRq3jZSB,Pain In My Heart,Zoo,Zoology,284080,46,2007
4AAM5vgdsGOpGdhYP2pOZ1,Sana'y Malaman Mo,OJ Mariano,Ballads,259709,0,2009
3VYoyAZUBqZBYEUKRZYKtP,I Need You,Mark Bautista,Dream On Expanded,211466,0,2006
6AxfduhjvFNB83vWvbPrSQ,I Believe,Jimmy Bondoc,Undercovers,284173,48,2005
1oG967FC3aVAMgEcZMyjlY,OPM Medley: When I Met You,Freestyle,Love Concert The Album Vol. 1,557986,0,1950
0TlkrxoKC7ACwZ7lUrqcuA,Hiling,Jay-R Siaboc,Hiling,296646,0,2007
29mFbBVDVeMf7eYW9XgCMC,Umaasa Lang Sayo,Six Part Invetion,Sana Maulit Muli (Original Motion Picture Soundtrack),253022,0,2007
6EYgmVZ2Hg9wPkUrCoxIw1,My Love Is Here,Erik Santos,Erik Santos (The Jim Brickman Songbook),221866,0,2009
3L2HELo9fnq61H1knwkKCd,Til the End,Six Part Invention,Songs of D-Votion,282488,0,2010
78XTz7EpaV4IoQ9AyN5IRw,Bakit Pa Ba,Jay R,Gameface,283520,0,2003
7lwrnZgcykugVnbWr3Z03m,Paano Na Kaya,Bugoy Drilon,Paano Na Kaya,251328,0,2008
7BOgHK3nix02sZ9mi1d1O8,Muli,Bugoy Drilon,Paano Na Kaya,243822,0,2008
2SiH0PeHm65PBc2hiTaHC0,Nanghihinayang,Jeremiah,Heart and Soul,283640,0,1998
4Rg7N5Rgj0jyDZHBfiQKg7,Umiiyak Ang Puso,Bugoy Drilon,Himig Handog P-Pop Love Songs (2014),236813,0,2014
4z1rJz88ECdPQRRxlHJ5MC,Ika'y Mahal Pa Rin,Rockstar 2,Rockstar 2 Greatest Hits,301186,0,2002
20oAVASuztkrIW7snJ8Kti,You're All I Need,Six Part Invention,Stripped and Covered,264186,0,2013
6N1Pk55DkV8Agz5jyEkbIQ,Line to Heaven,Introvoys,Line To Heaven,205613,0,2010
1rYRd1d2LnYopazs9HyXWD,Let the Love Begin,Jerome John Hughes,We Could Be in Love,251306,0,2005
2yJvhZL4L0Cd27UidOPXSv,Beautiful in my Eyes,Jericho Rosales,Change,246173,0,2009
0zfTaqbtKJmb2hEdIxjEx5,Fallin',Janno Gibbs,Seven (Special Edition),260986,62,2004
0gP4VAQAkE2CJEFggGKsPn,Grow Old With You,Jimmy Bondoc,Undercovers,150306,48,2005
5ATPe28KNYQvH90thsZu5w,Nothing's Gonna Stop Us Now,MYMP,New Horizon,293186,21,2006
034zHn5tOZLlwDxv0zy3rj,A Smile In Your Heart,Ariel Rivera,Greatest Hits,229120,57,2000
3mI8v4GmCVlvcxXyzzX0Tv,God Gave Me You,Bryan White,How Lucky I Am,245813,55,1999
0Q9jC6LNRtrgBRYeq7h4pS,Forevermore,Side A,Say You Love Me (18 Classic Opm Love Songs),280293,1,2004
3dY3T5s5F4WrNp8w3R36L1,Ordinary Song,Marc Velasco,Ordinary Song,213876,0,2019
2Qz6fXjy6tIDrvOcSoOjdD,I Will Be Here,Gary Valenciano,Revive,309986,48,2000
3EdBq6AJ190RVcq4icTHtS,Love of My Life - Multiplex Karaoke,South Border,South Border,391573,55,1996
5sDOfggNtQULeTMpspcSm1,Moonlight Over Paris,Paolo Santos,Back To Basics,324386,24,2009
5ONZUcFHtslSBavtrUJ8p3,Tell Me,Side A,The Platinum Collection,240666,57,1994
3eAM3mpO1Up7TPNDcrGU5y,A Very Special Love,Sarah Geronimo,Star Cinema,237893,0,2016
16PDblpSqFOTa4vAAGb6Yw,Somewhere Down the Road,Nina,Repackage,241520,54,2007
4TIkesxpN5caX6XpsiirnH,If Ever You're in My Arms Again,Peabo Bryson,"Bedroom Classics, Vol. 2",255720,67,2005
0ruaKNagIPtBbZSDErugr7,Later,Fra Lippo Lippi,In a Brilliant White,227840,63,2002
1fOsOFqbh94ioPLXl6FWIO,Maybe,Neocolours,Rediscovered,270666,0,2004
0fANuI8483AKyup2bVWZOm,Kahit Kailan - Multiplex Karaoke,South Border,South Border,343400,60,1996
7aNGC3hDG7HuWhDFZH5mAu,Kung Akin Ang Mundo,Erik Santos,This Is the Moment,208226,0,2004
0IeAMl8Z7kkv1vFKAsNYpG,Sa Isip Ko,Jay R,Jay R Sings OPM Love Classics,253466,0,2010
57jj1gzRxWRCoUalClk35h,"Ako'y Sa Iyo, Ika'y Sa Akin",I Axe,Iaxe,304653,48,1994
6Qksi6WHS84wLaFClhTMVH,Araw Gabi,Noel Cabangon,Acoustic Noel,294960,0,2014
6DDwb8zuXHp15AXgB1oO01,How Did You Know,Gary Valenciano,Pure Heart,238236,1,2005
0CaPmNkffND1229IsV4Lda,Your Love,Alamid,Super Bands,325186,0,2005
6FRqPDrPVFZBHsMOWNSFHr,Akoy Sa'Yo,First Circle,Natural Reaction,317813,0,2002
5T8bLnWG8sg9ER8RKNZbCB,Before I Let You Go,Freestyle,Freestyle,289266,0,1998
61jPZwzRkdQ0dZP3bDtyTX,Tuwing Umuulan At Kapiling Ka,Eraserheads,Anthology,283493,53,2004
6nYRR2QhVgOqwamrR8ZZCR,Now That I Have You,The Company,Six By 6,248840,14,1992
1dlWeMu46MOMYWpbT7y8RA,Kahit Maputi Na Ang Buhok Ko,Nyoy Volante,Richard and Maya (The Wedding Soundtrack),197786,0,2013
17tcPIrHqmEbyBJOFHFozK,Don't Know What To Say (Don't Know What To Do),Ric Segreto,Segreto,165400,1,1982
14pj36HKHd6c72njvGVPWU,Pusong Ligaw,Jericho Rosales,Change,246666,2,2009
5uH5Gl7brNoFCpR9Ds9k94,Buko,Jireh Lim,Love And Soul,312133,60,2015
3aUGVfyoxdcNpa46iBuHp9,"Sana - Love Theme From ""Captain Barbell""",Shamrock,Are You Serious?,219240,0,2005
6XmskR1cMfgys1W7dExmgi,With a Smile (feat. Kelly Badon),South Border,Ultraelectromagnetic Jam,264413,62,2005
39DAWX4CzgKmjEGjz05V4B,Mahal Pa Rin Kita,Rockstar,Mahal Pa Rin Kita,295600,0,2010
3NXVsfnLRwiITqmh0aQhYc,Pagsubok,Orient Pearl,Orient Pearl I,212026,23,1995
6UAchaX6bY7BKjNyK5KBPj,Sana Ay Mahalin Mo Rin Ako,APRIL BOYS,Sana Ay Magbalik,248386,0,2009
4g6YqnAwoEm44Nvlc9oFFd,Ikaw Pa Rin Ang Mamahalin,APRIL BOYS,Sana Ay Magbalik,295186,0,2009
0TFH4giIyVPwAhSkWo0eYt,Umiiyak Ang Puso,April Boy Regino,Umiiyak Ang Puso,358240,19,2008
5ek13VMULkIk8ysJrTZTrq,Paglisan,Color It Red,Super Bands,317880,0,2005
6J429BHOXJTZyhpmClQRJn,Line To Heaven,Introvoys,Super Bands,206066,0,2005
4IfultQaN2DXQei4eWoczm,Suntok Sa Buwan,Scrambled Eggs,Kami Napo Muna,263173,0,2012
5dFWUYnmfiJsIkd5E9CBR6,Love Story Ko,Gloc-9,Ako Si,227321,0,2005
0uZFcsx96wzbixsULmrg8o,Pasilyo,SunKissed Lola,Pasilyo,270250,81,2022
5SyigMsSY8uAV1m27fhnLD,Uhaw,Dilaw,Uhaw,267049,66,2022
3PgjBOoA5OytNGkglObpOd,Sa Susunod na Habang Buhay,Ben&Ben,Sa Susunod na Habang Buhay,288189,80,2020
6t4CmQGucLORsKZF4M6NNC,Make It With You,Ben&Ben,Make It With You,209782,71,2019
55RMhrPQYA6vLu5YMgXxFD,Binibini,Zack Tabudlo,Episode,221538,69,2021
4FqUvCrGGtjFWektg6I65l,Taste So Good (The Cann Song),VINCINT,Taste So Good (The Cann Song),155975,0,2022
1cK0KFqlnTQC6oqPh3CXt2,BLOW OUT MY CANDLE,Betty Who,BLOW OUT MY CANDLE,179326,0,2022
5kyJ6sznnWACqHbw65p34Q,Summer In New York,Sofi Tukker,WET TENNIS,158549,65,2022
3p2wS6G159mBIU50xl7uvc,Future Starts Now,Kim Petras,Future Starts Now,279270,50,2021
5902W4uHWzhtOff1UK7the,When I’m Gone (with Katy Perry),Alesso,When I’m Gone (with Katy Perry),161266,76,2021
2KukL7UlQ8TdvpaA7bY3ZJ,BREAK MY SOUL,Beyoncé,BREAK MY SOUL,278281,70,2022
4zN21mbAuaD0WqtmaTZZeP,Ferrari,James Hype,Ferrari,186661,83,2022
2ZzHR2sOKAOKyN8efCa69E,Move,DNCE,Move,156116,57,2022
5C2mUkFTs51bizl4LAaqRy,Run Into Trouble,Alok,Run Into Trouble,182564,60,2022
0pPpcDDIiVBeBS5jBecnSC,Teardrops (feat. Majid Jordan),MK,Teardrops (feat. Majid Jordan),170982,47,2022
1c5sVhqoQvLHTXTYJTb98i,Midnight Rapture,Anabel Englund,Midnight Rapture,197648,35,2021
1BSMpVGWs3v5BZKnAQziAc,Light Switch,Charlie Puth,Light Switch,185680,8,2022
6Go8Wuws8feT0R2VlaI3am,Riptide,The Chainsmokers,Riptide,171359,0,2022
7fYRg3CEbk6rNCuzNzMT06,Potion (with Dua Lipa & Young Thug),Calvin Harris,Potion (with Dua Lipa & Young Thug),214459,70,2022
4Dvkj6JhhA12EX05fT7y2e,As It Was,Harry Styles,Harry's House,167303,95,2022
2OZZpID4LgZ0GGm8XB99e3,Don't Forget My Love,Diplo,Don't Forget My Love,199090,58,2022
35COLcFjvONwVv6jkG23gI,Boys Don't Cry,Anitta,Boys Don't Cry,136011,62,2022
3LEgGAl9zLcQWGTp7ptqtQ,Don’t Wake Me Up,Jonas Blue,Don’t Wake Me Up,188894,72,2022
5w7sO0tWXMmctwKnJZu24v,Deja Vu,Oliver Heldens,Deja Vu,198703,56,2021
5dry5tz8yLcLuOJ3l6ZEQd,Used to Know Me,Charli XCX,CRASH,145840,60,2022
7mFj0LlWtEJaEigguaWqYh,Sweetest Pie,Megan Thee Stallion,Sweetest Pie,201334,74,2022
1RSBK5VWdjPjHEmRhAkS4Q,Sacrifice,Bebe Rexha,Sacrifice,160871,57,2021
6zSpb8dQRaw0M1dK8PBwQz,Cold Heart - PNAU Remix,Elton John,Cold Heart (PNAU Remix),202735,85,2021
75MNhvTCCKsST3YqqUiU9r,Shivers,Ed Sheeran,Shivers,207853,17,2021
3FeVmId7tL5YN8B7R3imoM,My Universe,Coldplay,My Universe,228000,81,2021
1yfudwnhCRsehq3BE5HVpf,Doin' Enough - Radio,Tracy Young,Doin' Enough,186885,5,2021
4iqmktYiX3g7jAwr73i6yC,Neon Lights,LODATO,Neon Lights,182243,25,2021
29p6UW08MXzwj9thWBW3uF,Hero,AFROJACK,Hero,171840,57,2021
3BZEcbdtXQSo7OrvKRJ6mb,MONTERO (Call Me By Your Name),Lil Nas X,MONTERO (Call Me By Your Name),137875,10,2021
10oKSzRcwbZsog2uq2gb4b,Escape (feat. Hayla),Kx5,Escape (feat. Hayla),240445,2,2022
4qu63nuBpdn0qHUHuObEj1,Leave Before You Love Me (with Jonas Brothers),Marshmello,Leave Before You Love Me,154983,85,2021
6PQ88X9TkUIAUIZJHW2upE,Bad Habits,Ed Sheeran,Bad Habits,231041,15,2021
5acSb48zFAcXTdL5Wsk8xx,Lean On Me,Cheat Codes,"HELLRAISERS, Part 1",149856,57,2021
5K6Ssv4Z3zRvxt0P6EKUAP,Heartbreak Anthem (with David Guetta & Little Mix),Galantis,Heartbreak Anthem (with David Guetta & Little Mix),183725,77,2021
1YHeCzS5L9xs76eOpAS6WU,Titans,Major Lazer,Music Is the Weapon (Reloaded),199168,52,2021
2kkGRB3PKYCAFGmaLsmIbd,Say Something,Kylie Minogue,Say Something,212546,17,2020
748mdHapucXQri7IAO8yFK,Kiss Me More (feat. SZA),Doja Cat,Kiss Me More (feat. SZA),208866,79,2021
2cc8Sw1OnCuA5bV8nqWqpE,You,Regard,You,233386,74,2021
5qpEtUsEI1VkG63MNlRrAC,Come Back Home,Petey Martin,Come Back Home,179853,51,2021
6bk7L0fHir39V25gubJkdq,Real Groove - Studio 2054 Remix,Kylie Minogue,Real Groove,262893,9,2021
0pk1hxhJLBSZZ5RKBhcwOa,Levitating (feat. Madonna and Missy Elliott) [The Blessed Madonna Remix],Dua Lipa,Levitating (feat. Madonna and Missy Elliott) [The Blessed Madonna Remix],250280,62,2020
1KixkQVDUHggZMU9dUobgm,My Head & My Heart,Ava Max,Heaven & Hell,174760,77,2020
37BZB0z9T8Xu7U3e65qxFy,Save Your Tears (with Ariana Grande) (Remix),The Weeknd,Save Your Tears (Remix),191013,84,2021
3YJJjQPAbDT7mGpX3WtQ9A,Good Days,SZA,Good Days,279204,82,2020
3jjBPF4NDMCU51psU8JPpR,"34+35 Remix (feat. Doja Cat, Megan Thee Stallion) - Remix",Ariana Grande,34+35 (Remix),182437,64,2021
3DTqHfTGj1c6y2gDXsTez4,Regardless,RAYE,Euphoric Sad Songs,197573,60,2020
5JqZ3oqF00jkT81foAFvqg,Prisoner (feat. Dua Lipa),Miley Cyrus,Prisoner (feat. Dua Lipa),169333,3,2020
27ycaQnQAxaPiyeg3nr2aB,Midnight Sky,Miley Cyrus,Midnight Sky,223279,2,2020
0kTIH2zbc1jvIHoCOCoNnr,you broke me first - Luca Schreiner Remix,Tate McRae,you broke me first (Luca Schreiner Remix),192338,52,2020
6lhZLbb0czULpjb2kFryPS,Let's Love,David Guetta,Let's Love,200645,67,2020
24ySl2hOPGCDcxBxFIqWBu,Rain On Me (with Ariana Grande),Lady Gaga,Rain On Me (with Ariana Grande),182200,74,2020
0k664IuFwVP557Gnx7RhIl,Juice,Lizzo,Cuz I Love You,195144,73,2019
1fipvP2zmef6vN2IwXfJhY,I’m Ready (with Demi Lovato),Sam Smith,I’m Ready (with Demi Lovato),200838,57,2020
76nqCfJOcFFWBJN32PAksn,Kings & Queens,Ava Max,Kings & Queens,162398,1,2020
3OTSBoYKO7HzGVj8Bu2OH9,All the Time,Zara Larsson,All the Time,228111,58,2019
6vPJvkEuWZPcv58NnQ3dBR,Sweet Escape,Alesso,Forever,232533,53,2015
0RCsGhR44nFVAd5WiZZcGq,Walking On Air,Katy Perry,PRISM (Deluxe),222448,53,2013
0vR2rIVORmgeKiGIgNT0fV,By Your Side (feat. Tom Grennan),Calvin Harris,By Your Side (feat. Tom Grennan),189671,72,2021
1FE3Cf3SUdxJkFGrdYpqQT,Light Up My Life,Jack Wins,Light Up My Life,144590,42,2021
37hEQdTGZ5qDjtTXWi7U1G,Everybody’s Free (To Feel Good),Piero Pirupa,Everybody’s Free (To Feel Good),172800,38,2021
5fKTWlpV4hT7ujXV45WbtN,Sacrifice,Bebe Rexha,Better Mistakes,160871,53,2021
5iEI2hHcG8bnKmUelPk08F,New Love (feat. Ellie Goulding),Silk City,New Love,190680,51,2021
1BxfuPKGuaTgP7aM0Bbdwr,Cruel Summer,Taylor Swift,Lover,178426,99,2019
1vYXt7VSjH9JIM5oRRo7vA,Dance The Night - From Barbie The Album,Dua Lipa,Dance The Night (From Barbie The Album),176579,93,2023
1Qrg8KqiBpW07V7PNxwwwL,Kill Bill,SZA,SOS,153946,91,2022
0yLdNVWF3Srea0uzk55zFn,Flowers,Miley Cyrus,Flowers,200454,37,2023
4LRPiXqCikLlN15c3yImP7,As It Was,Harry Styles,As It Was,167303,42,2022
0WtM2NBVQNNJLh6scP13H8,Calm Down (with Selena Gomez),Rema,Calm Down (with Selena Gomez),239317,90,2022
7FbrGaHYVDmfr7KoLIZnQ7,Cupid - Twin Ver.,FIFTY FIFTY,The Beginning: Cupid,174253,84,2023
5w40ZYhbBMAlHYNDaVJIUu,Chemical,Post Malone,Chemical,184013,87,2023
26b3oVLrRUaaybJulow9kz,People,Libianca,People,184791,86,2022
7oDd86yk8itslrA9HRP2ki,Die For You - Remix,The Weeknd,Die For You (Remix),232857,83,2023
3BKD1PwArikchz2Zrlp1qi,Baby Don't Hurt Me,David Guetta,Baby Don't Hurt Me,140017,88,2023
6AQbmUe0Qwf5PZnt4HmTXv,Boy's a liar Pt. 2,PinkPantheress,Boy's a liar Pt. 2,131013,84,2023
2dHHgzDwk4BJdRwy9uXhTO,Creepin' (with The Weeknd & 21 Savage),Metro Boomin,HEROES & VILLAINS,221520,92,2022
6HgWWaMu31KdOpEG5l28BG,All My Life (feat. J. Cole),Lil Durk,All My Life (feat. J. Cole),223878,79,2023
4iZ4pt7kvcaH6Yo8UoZ4s2,Snooze,SZA,SOS,201800,93,2022
1Lo0QY9cvc8sUB2vnIOxDT,Fast Car,Luke Combs,Gettin' Old,265493,88,2023
7KokYm8cMIXCsGVmUvKtqf,Karma,Taylor Swift,Midnights,204852,88,2022
4h9wh7iOZ0GGn8QVp4RAOB,I Ain't Worried,OneRepublic,"I Ain’t Worried (Music From The Motion Picture ""Top Gun: Maverick"")",148485,92,2022
07bsRv0pcpbG4zJeLsUs1p,Eyes Closed,Ed Sheeran,Eyes Closed,194848,26,2023
4uUG5RXrOk84mYEfFvj3cK,I'm Good (Blue),David Guetta,I'm Good (Blue),175238,92,2022
73RbfOTJIjHzi2pcVHjeHM,What It Is (Solo Version),Doechii,What It Is (Versions),189824,85,2023
3k79jB4aGmMDUQzEwa46Rz,vampire,Olivia Rodrigo,vampire,219724,49,2023
5kHMfzgLZP95O9NBy0ku4v,I Can See You (Taylor’s Version) (From The Vault),Taylor Swift,Speak Now (Taylor's Version),273186,83,2023
59uQI0PADDKeE6UZDTJEe8,Last Night,Morgan Wallen,3 Songs At A Time Sampler,163854,84,2023
5CM4UuQ9Gnd6K2YyKGPMoK,Bad Habit,Steve Lacy,Bad Habit,232114,80,2022
1oFAF1hdPOickyHgbuRjyX,Save Your Tears (Remix) (with Ariana Grande) - Bonus Track,The Weeknd,After Hours (Deluxe),191013,85,2020
1qEmFfgcLObUfQm0j1W2CK,Late Night Talking,Harry Styles,Harry's House,177954,85,2022
0O6u0VJ46W86TxN9wgyqDj,I Like You (A Happier Song) (with Doja Cat),Post Malone,Twelve Carat Toothache,192840,85,2022
7K3BhSpAxZBznislvUMVtn,Last Night,Morgan Wallen,One Thing At A Time,163854,86,2023
755xVrgyHyUpl9EP5e4ICf,Players,Coi Leray,COI,138760,73,2023
5QO79kh1waicV47BqGRL3g,Save Your Tears,The Weeknd,After Hours,215626,91,2020
0LbZLBBZI1NfaDgb4dx0UD,Jaded,Miley Cyrus,Endless Summer Vacation,185933,77,2023
50nfwKoDiSYg8zOCREWAm5,Shivers,Ed Sheeran,=,207853,87,2021
6UelLqGlWMcVH1E5c4H7lY,Watermelon Sugar,Harry Styles,Fine Line,174000,89,2019
